FREQ,TEMP,DURATION,Lonely,Sample,ZFREQ,ZTEMP,ZDURATION,COMPOSITE
7,7,6,1.45,1,2.67295570775355,2.04131526128229,2.03784882090061,2.25070659664549
5,5,4,1.9,1,.361210230777501,.0954359224347981,.123883914448873,.193510022553724
5,5,5,1.35,1,.361210230777501,.0954359224347981,1.08086636767474,.512504173629014
3,6,4,2.35,1,-1.95053524619855,1.06837559185855,.123883914448873,-.252758579963709
3,5,5,1.6,1,-1.95053524619855,.0954359224347981,1.08086636767474,-.258077652029668
6,6,4,1.8,1,1.51708296926552,1.06837559185855,.123883914448873,.903114158524315
5,7,4,2.95,1,.361210230777501,2.04131526128229,.123883914448873,.842136468836223
5,5,5,1.95,1,.361210230777501,.0954359224347981,1.08086636767474,.512504173629014
5,4,4,2.05,1,.361210230777501,-.87750374698895,.123883914448873,-.130803200587525
6,4,3,2.35,1,1.51708296926552,-.87750374698895,-.833098538776997,-.0645064388334743
4,6,4,1.7,1,-.794662507710522,1.06837559185855,.123883914448873,.132532332865632
4,5,5,2.5,1,-.794662507710522,.0954359224347981,1.08086636767474,.127213260799673
5,6,5,2.55,1,.361210230777501,1.06837559185855,1.08086636767474,.836817396770264
5,6,4,1.7,1,.361210230777501,1.06837559185855,.123883914448873,.517823245694974
4,5,5,1.65,1,-.794662507710522,.0954359224347981,1.08086636767474,.127213260799673
5,3,2,2.1,1,.361210230777501,-1.8504434164127,-1.79008099200287,-1.09310472587935
3,4,6,2.52631578947368,1,-1.95053524619855,-.87750374698895,2.03784882090061,-.263396724095627
5,6,5,2.5,1,.361210230777501,1.06837559185855,1.08086636767474,.836817396770264
5,5,5,1.2,1,.361210230777501,.0954359224347981,1.08086636767474,.512504173629014
3,5,5,1.65,1,-1.95053524619855,.0954359224347981,1.08086636767474,-.258077652029668
4,5,3,2.05,1,-.794662507710522,.0954359224347981,-.833098538776997,-.510775041350907
5,4,5,2.05,1,.361210230777501,-.87750374698895,1.08086636767474,.188190950487765
4,5,4,2.73684210526316,1,-.794662507710522,.0954359224347981,.123883914448873,-.191780890275617
4,5,2,3.3,1,-.794662507710522,.0954359224347981,-1.79008099200287,-.829769192426197
5,6,3,1.75,1,.361210230777501,1.06837559185855,-.833098538776997,.198829094619683
5,5,4,1.95,1,.361210230777501,.0954359224347981,.123883914448873,.193510022553724
5,7,5,2.05,1,.361210230777501,2.04131526128229,1.08086636767474,1.16113061991151
6,6,4,1.45,1,1.51708296926552,1.06837559185855,.123883914448873,.903114158524315
5,5,3,1.7,1,.361210230777501,.0954359224347981,-.833098538776997,-.125484128521566
5,5,5,1.85,1,.361210230777501,.0954359224347981,1.08086636767474,.512504173629014
5,5,5,2.05,1,.361210230777501,.0954359224347981,1.08086636767474,.512504173629014
5,5,3,1.8,1,.361210230777501,.0954359224347981,-.833098538776997,-.125484128521566
5,5,3,2.65,1,.361210230777501,.0954359224347981,-.833098538776997,-.125484128521566
5,5,6,2.15,1,.361210230777501,.0954359224347981,2.03784882090061,.831498324704304
5,5,3,2.55,1,.361210230777501,.0954359224347981,-.833098538776997,-.125484128521566
5,5,4,1.55,1,.361210230777501,.0954359224347981,.123883914448873,.193510022553724
5,6,5,2.9,1,.361210230777501,1.06837559185855,1.08086636767474,.836817396770264
5,5,5,2.5,1,.361210230777501,.0954359224347981,1.08086636767474,.512504173629014
5,6,4,1.6,1,.361210230777501,1.06837559185855,.123883914448873,.517823245694974
5,6,6,1.45,1,.361210230777501,1.06837559185855,2.03784882090061,1.15581154784555
4,5,4,1.6,1,-.794662507710522,.0954359224347981,.123883914448873,-.191780890275617
5,5,5,1.6,1,.361210230777501,.0954359224347981,1.08086636767474,.512504173629014
5,3,5,1.95,1,.361210230777501,-1.8504434164127,1.08086636767474,-.136122272653485
5,4,5,1.8,1,.361210230777501,-.87750374698895,1.08086636767474,.188190950487765
5,6,5,2.2,1,.361210230777501,1.06837559185855,1.08086636767474,.836817396770264
4,6,4,1.55,1,-.794662507710522,1.06837559185855,.123883914448873,.132532332865632
4,6,5,2.1,1,-.794662507710522,1.06837559185855,1.08086636767474,.451526483940923
6,4,3,3.3,1,1.51708296926552,-.87750374698895,-.833098538776997,-.0645064388334743
4,6,5,2.35,1,-.794662507710522,1.06837559185855,1.08086636767474,.451526483940923
5,5,6,1.65,1,.361210230777501,.0954359224347981,2.03784882090061,.831498324704304
6,4,4,2.3,1,1.51708296926552,-.87750374698895,.123883914448873,.254487712241816
4,6,4,2.35,1,-.794662507710522,1.06837559185855,.123883914448873,.132532332865632
5,5,3,1.4,1,.361210230777501,.0954359224347981,-.833098538776997,-.125484128521566
5,2,3,1.4,1,.361210230777501,-2.82338308583645,-.833098538776997,-1.09842379794531
5,5,3,2.35,1,.361210230777501,.0954359224347981,-.833098538776997,-.125484128521566
6,4,4,1.3,1,1.51708296926552,-.87750374698895,.123883914448873,.254487712241816
5,5,5,1.1,1,.361210230777501,.0954359224347981,1.08086636767474,.512504173629014
5,6,5,1.1,1,.361210230777501,1.06837559185855,1.08086636767474,.836817396770264
5,5,4,2.35,1,.361210230777501,.0954359224347981,.123883914448873,.193510022553724
5,4,4,2.35,1,.361210230777501,-.87750374698895,.123883914448873,-.130803200587525
5,6,4,1.85,1,.361210230777501,1.06837559185855,.123883914448873,.517823245694974
5,4,4,1.35,1,.361210230777501,-.87750374698895,.123883914448873,-.130803200587525
5,5,4,1.05,1,.361210230777501,.0954359224347981,.123883914448873,.193510022553724
5,4,5,1.47368421052632,1,.361210230777501,-.87750374698895,1.08086636767474,.188190950487765
4,6,5,2.6,1,-.794662507710522,1.06837559185855,1.08086636767474,.451526483940923
6,6,4,2.15,1,1.51708296926552,1.06837559185855,.123883914448873,.903114158524315
5,5,4,1.6,1,.361210230777501,.0954359224347981,.123883914448873,.193510022553724
5,4,6,2.3,1,.361210230777501,-.87750374698895,2.03784882090061,.507185101563055
5,6,3,1.5,1,.361210230777501,1.06837559185855,-.833098538776997,.198829094619683
6,3,3,2.8,1,1.51708296926552,-1.8504434164127,-.833098538776997,-.388819661974724
5,5,4,2.35,1,.361210230777501,.0954359224347981,.123883914448873,.193510022553724
5,5,4,1.4,1,.361210230777501,.0954359224347981,.123883914448873,.193510022553724
5,5,3,2.8,1,.361210230777501,.0954359224347981,-.833098538776997,-.125484128521566
5,5,4,2.2,1,.361210230777501,.0954359224347981,.123883914448873,.193510022553724
4,5,5,1.45,1,-.794662507710522,.0954359224347981,1.08086636767474,.127213260799673
5,6,4,2.45,1,.361210230777501,1.06837559185855,.123883914448873,.517823245694974
5,6,5,1.85,1,.361210230777501,1.06837559185855,1.08086636767474,.836817396770264
5,5,4,2.1,1,.361210230777501,.0954359224347981,.123883914448873,.193510022553724
5,6,3,2.35,1,.361210230777501,1.06837559185855,-.833098538776997,.198829094619683
5,5,4,2.1,1,.361210230777501,.0954359224347981,.123883914448873,.193510022553724
5,5,4,2.35,1,.361210230777501,.0954359224347981,.123883914448873,.193510022553724
4,6,5,2.5,1,-.794662507710522,1.06837559185855,1.08086636767474,.451526483940923
5,6,4,2.5,1,.361210230777501,1.06837559185855,.123883914448873,.517823245694974
5,6,3,1.9,1,.361210230777501,1.06837559185855,-.833098538776997,.198829094619683
5,6,5,2.25,1,.361210230777501,1.06837559185855,1.08086636767474,.836817396770264
5,5,5,1.6,1,.361210230777501,.0954359224347981,1.08086636767474,.512504173629014
4,5,5,2.33333333333333,1,-.794662507710522,.0954359224347981,1.08086636767474,.127213260799673
5,5,4,1.4,1,.361210230777501,.0954359224347981,.123883914448873,.193510022553724
5,5,6,2.35,1,.361210230777501,.0954359224347981,2.03784882090061,.831498324704304
5,7,4,1.5,1,.361210230777501,2.04131526128229,.123883914448873,.842136468836223
4,4,4,1.95,1,-.794662507710522,-.87750374698895,.123883914448873,-.516094113416867
5,5,6,2.3,1,.361210230777501,.0954359224347981,2.03784882090061,.831498324704304
5,7,4,1.55,1,.361210230777501,2.04131526128229,.123883914448873,.842136468836223
5,3,3,1.45,1,.361210230777501,-1.8504434164127,-.833098538776997,-.774110574804065
5,5,2,1.6,1,.361210230777501,.0954359224347981,-1.79008099200287,-.444478279596856
4,3,5,1.8,1,-.794662507710522,-1.8504434164127,1.08086636767474,-.521413185482826
5,5,6,1.95,1,.361210230777501,.0954359224347981,2.03784882090061,.831498324704304
5,6,6,2.65,1,.361210230777501,1.06837559185855,2.03784882090061,1.15581154784555
5,4,3,1.4,1,.361210230777501,-.87750374698895,-.833098538776997,-.449797351662815
5,6,4,1.65,1,.361210230777501,1.06837559185855,.123883914448873,.517823245694974
5,5,5,1.2,1,.361210230777501,.0954359224347981,1.08086636767474,.512504173629014
4,7,6,3.7,1,-.794662507710522,2.04131526128229,2.03784882090061,1.09483385815746
4,5,3,1.95,1,-.794662507710522,.0954359224347981,-.833098538776997,-.510775041350907
5,6,4,2.52631578947368,1,.361210230777501,1.06837559185855,.123883914448873,.517823245694974
5,5,4,1.7,1,.361210230777501,.0954359224347981,.123883914448873,.193510022553724
6,5,5,1.4,1,1.51708296926552,.0954359224347981,1.08086636767474,.897795086458355
4,4,5,2.2,1,-.794662507710522,-.87750374698895,1.08086636767474,-.197099962341576
5,5,5,2.5,1,.361210230777501,.0954359224347981,1.08086636767474,.512504173629014
5,5,5,1.15,1,.361210230777501,.0954359224347981,1.08086636767474,.512504173629014
5,7,4,1.5,1,.361210230777501,2.04131526128229,.123883914448873,.842136468836223
1,5,4,2.47368421052632,1,-4.26228072317459,.0954359224347981,.123883914448873,-1.34765362876364
5,5,3,2.35,1,.361210230777501,.0954359224347981,-.833098538776997,-.125484128521566
5,4,3,2.7,1,.361210230777501,-.87750374698895,-.833098538776997,-.449797351662815
5,4,5,1.75,1,.361210230777501,-.87750374698895,1.08086636767474,.188190950487765
5,6,6,1.15,1,.361210230777501,1.06837559185855,2.03784882090061,1.15581154784555
5,5,4,2.05,1,.361210230777501,.0954359224347981,.123883914448873,.193510022553724
4,5,4,1.7,1,-.794662507710522,.0954359224347981,.123883914448873,-.191780890275617
5,5,3,2.2,1,.361210230777501,.0954359224347981,-.833098538776997,-.125484128521566
5,4,4,3.2,1,.361210230777501,-.87750374698895,.123883914448873,-.130803200587525
4,6,4,2.1,1,-.794662507710522,1.06837559185855,.123883914448873,.132532332865632
5,6,3,1.8,1,.361210230777501,1.06837559185855,-.833098538776997,.198829094619683
4,5,5,2.05,1,-.794662507710522,.0954359224347981,1.08086636767474,.127213260799673
5,7,4,2.55,1,.361210230777501,2.04131526128229,.123883914448873,.842136468836223
5,5,5,2.65,1,.361210230777501,.0954359224347981,1.08086636767474,.512504173629014
3,6,5,2.35,1,-1.95053524619855,1.06837559185855,1.08086636767474,.0662355711115814
5,5,4,1.45,1,.361210230777501,.0954359224347981,.123883914448873,.193510022553724
5,6,3,1.45,1,.361210230777501,1.06837559185855,-.833098538776997,.198829094619683
5,5,4,1.3,1,.361210230777501,.0954359224347981,.123883914448873,.193510022553724
5,5,3,1.5,1,.361210230777501,.0954359224347981,-.833098538776997,-.125484128521566
6,3,3,1.65,1,1.51708296926552,-1.8504434164127,-.833098538776997,-.388819661974724
5,5,5,2.1,1,.361210230777501,.0954359224347981,1.08086636767474,.512504173629014
4,6,3,1.4,1,-.794662507710522,1.06837559185855,-.833098538776997,-.186461818209658
5,6,5,1.4,1,.361210230777501,1.06837559185855,1.08086636767474,.836817396770264
4,6,3,1.45,1,-.794662507710522,1.06837559185855,-.833098538776997,-.186461818209658
5,3,4,3.25,1,.361210230777501,-1.8504434164127,.123883914448873,-.455116423728775
5,5,4,2.8,1,.361210230777501,.0954359224347981,.123883914448873,.193510022553724
6,5,5,1.8,1,1.51708296926552,.0954359224347981,1.08086636767474,.897795086458355
4,5,3,3.6,1,-.794662507710522,.0954359224347981,-.833098538776997,-.510775041350907
5,5,4,1.95,1,.361210230777501,.0954359224347981,.123883914448873,.193510022553724
5,6,5,2.55,1,.361210230777501,1.06837559185855,1.08086636767474,.836817396770264
4,5,6,2.52631578947368,1,-.794662507710522,.0954359224347981,2.03784882090061,.446207411874963
3,6,4,1.65,1,-1.95053524619855,1.06837559185855,.123883914448873,-.252758579963709
3,6,4,2.55,1,-1.95053524619855,1.06837559185855,.123883914448873,-.252758579963709
5,5,3,1.95,1,.361210230777501,.0954359224347981,-.833098538776997,-.125484128521566
5,6,4,2.25,1,.361210230777501,1.06837559185855,.123883914448873,.517823245694974
5,5,4,2.05,1,.361210230777501,.0954359224347981,.123883914448873,.193510022553724
5,5,5,1.95,1,.361210230777501,.0954359224347981,1.08086636767474,.512504173629014
5,5,4,2.3,1,.361210230777501,.0954359224347981,.123883914448873,.193510022553724
4,6,5,2.6,1,-.794662507710522,1.06837559185855,1.08086636767474,.451526483940923
5,5,6,2.75,1,.361210230777501,.0954359224347981,2.03784882090061,.831498324704304
5,5,6,1.85,1,.361210230777501,.0954359224347981,2.03784882090061,.831498324704304
5,5,4,2.05,1,.361210230777501,.0954359224347981,.123883914448873,.193510022553724
5,5,5,1.5,1,.361210230777501,.0954359224347981,1.08086636767474,.512504173629014
5,4,4,1.6,1,.361210230777501,-.87750374698895,.123883914448873,-.130803200587525
5,5,3,1.4,1,.361210230777501,.0954359224347981,-.833098538776997,-.125484128521566
5,5,4,1.84210526315789,1,.361210230777501,.0954359224347981,.123883914448873,.193510022553724
5,4,4,1.2,1,.361210230777501,-.87750374698895,.123883914448873,-.130803200587525
5,5,4,2.2,1,.361210230777501,.0954359224347981,.123883914448873,.193510022553724
5,4,3,2.6,1,.361210230777501,-.87750374698895,-.833098538776997,-.449797351662815
3,6,5,2.65,1,-1.95053524619855,1.06837559185855,1.08086636767474,.0662355711115814
5,6,5,2.25,1,.361210230777501,1.06837559185855,1.08086636767474,.836817396770264
5,5,5,2.85,1,.361210230777501,.0954359224347981,1.08086636767474,.512504173629014
5,6,4,2.25,1,.361210230777501,1.06837559185855,.123883914448873,.517823245694974
4,5,4,2.55,1,-.794662507710522,.0954359224347981,.123883914448873,-.191780890275617
4,5,5,2.35,1,-.794662507710522,.0954359224347981,1.08086636767474,.127213260799673
5,5,3,1.7,1,.361210230777501,.0954359224347981,-.833098538776997,-.125484128521566
5,6,4,2.1,1,.361210230777501,1.06837559185855,.123883914448873,.517823245694974
6,4,4,1.35,1,1.51708296926552,-.87750374698895,.123883914448873,.254487712241816
2,4,4,1.15,1,-3.10640798468657,-.87750374698895,.123883914448873,-1.28667593907555
5,6,4,1.75,1,.361210230777501,1.06837559185855,.123883914448873,.517823245694974
5,5,4,1.8,1,.361210230777501,.0954359224347981,.123883914448873,.193510022553724
5,6,3,1.45,1,.361210230777501,1.06837559185855,-.833098538776997,.198829094619683
4,6,5,1.6,1,-.794662507710522,1.06837559185855,1.08086636767474,.451526483940923
6,4,3,1.55,1,1.51708296926552,-.87750374698895,-.833098538776997,-.0645064388334743
5,6,3,2.3,1,.361210230777501,1.06837559185855,-.833098538776997,.198829094619683
5,5,6,2.25,1,.361210230777501,.0954359224347981,2.03784882090061,.831498324704304
5,4,4,2.3,1,.361210230777501,-.87750374698895,.123883914448873,-.130803200587525
5,5,4,1.4,1,.361210230777501,.0954359224347981,.123883914448873,.193510022553724
6,7,4,1.7,1,1.51708296926552,2.04131526128229,.123883914448873,1.22742738166556
6,5,3,2.57894736842105,1,1.51708296926552,.0954359224347981,-.833098538776997,.259806784307775
4,5,4,2.75,1,-.794662507710522,.0954359224347981,.123883914448873,-.191780890275617
5,5,4,2.05,1,.361210230777501,.0954359224347981,.123883914448873,.193510022553724
5,5,4,2.25,1,.361210230777501,.0954359224347981,.123883914448873,.193510022553724
6,4,4,1.95,1,1.51708296926552,-.87750374698895,.123883914448873,.254487712241816
5,3,4,2.15,1,.361210230777501,-1.8504434164127,.123883914448873,-.455116423728775
5,4,4,2.1,1,.361210230777501,-.87750374698895,.123883914448873,-.130803200587525
5,4,4,1.45,1,.361210230777501,-.87750374698895,.123883914448873,-.130803200587525
6,5,4,1.15,1,1.51708296926552,.0954359224347981,.123883914448873,.578800935383065
5,5,3,1.3,1,.361210230777501,.0954359224347981,-.833098538776997,-.125484128521566
4,4,3,1.4,1,-.794662507710522,-.87750374698895,-.833098538776997,-.835088264492157
5,4,6,2.3,1,.361210230777501,-.87750374698895,2.03784882090061,.507185101563055
5,5,5,2.05,1,.361210230777501,.0954359224347981,1.08086636767474,.512504173629014
5,6,5,2.85,1,.361210230777501,1.06837559185855,1.08086636767474,.836817396770264
5,5,4,1.2,1,.361210230777501,.0954359224347981,.123883914448873,.193510022553724
4,4,6,2.4,1,-.794662507710522,-.87750374698895,2.03784882090061,.121894188733714
4,6,4,1.25,1,-.794662507710522,1.06837559185855,.123883914448873,.132532332865632
5,6,5,1.95,1,.361210230777501,1.06837559185855,1.08086636767474,.836817396770264
5,5,4,2.05,1,.361210230777501,.0954359224347981,.123883914448873,.193510022553724
5,4,3,1.85,1,.361210230777501,-.87750374698895,-.833098538776997,-.449797351662815
5,6,6,1.6,1,.361210230777501,1.06837559185855,2.03784882090061,1.15581154784555
5,5,3,1.4,1,.361210230777501,.0954359224347981,-.833098538776997,-.125484128521566
5,5,5,1.5,1,.361210230777501,.0954359224347981,1.08086636767474,.512504173629014
4,6,4,2.5,1,-.794662507710522,1.06837559185855,.123883914448873,.132532332865632
5,5,4,1.7,1,.361210230777501,.0954359224347981,.123883914448873,.193510022553724
5,5,3,1.75,1,.361210230777501,.0954359224347981,-.833098538776997,-.125484128521566
5,5,4,2,1,.361210230777501,.0954359224347981,.123883914448873,.193510022553724
5,6,5,1.3,1,.361210230777501,1.06837559185855,1.08086636767474,.836817396770264
6,4,5,1.8,1,1.51708296926552,-.87750374698895,1.08086636767474,.573481863317106
6,6,5,1.75,1,1.51708296926552,1.06837559185855,1.08086636767474,1.2221083095996
5,4,3,2.5,1,.361210230777501,-.87750374698895,-.833098538776997,-.449797351662815
5,5,4,2.55,1,.361210230777501,.0954359224347981,.123883914448873,.193510022553724
4,5,5,1.45,1,-.794662507710522,.0954359224347981,1.08086636767474,.127213260799673
4,3,3,1.3,1,-.794662507710522,-1.8504434164127,-.833098538776997,-1.15940148763341
5,4,3,1.8,1,.361210230777501,-.87750374698895,-.833098538776997,-.449797351662815
5,5,5,2.15,1,.361210230777501,.0954359224347981,1.08086636767474,.512504173629014
5,6,4,1.45,1,.361210230777501,1.06837559185855,.123883914448873,.517823245694974
5,5,4,1.4,1,.361210230777501,.0954359224347981,.123883914448873,.193510022553724
5,5,5,1.8,1,.361210230777501,.0954359224347981,1.08086636767474,.512504173629014
5,6,5,1.1,1,.361210230777501,1.06837559185855,1.08086636767474,.836817396770264
5,5,5,1.4,1,.361210230777501,.0954359224347981,1.08086636767474,.512504173629014
6,5,5,1.15,1,1.51708296926552,.0954359224347981,1.08086636767474,.897795086458355
4,3,6,3.6,1,-.794662507710522,-1.8504434164127,2.03784882090061,-.202419034407536
5,6,4,1.6,1,.361210230777501,1.06837559185855,.123883914448873,.517823245694974
5,5,4,1.95,1,.361210230777501,.0954359224347981,.123883914448873,.193510022553724
6,5,4,2.35,1,1.51708296926552,.0954359224347981,.123883914448873,.578800935383065
5,5,5,1.95,1,.361210230777501,.0954359224347981,1.08086636767474,.512504173629014
5,6,4,1.7,1,.361210230777501,1.06837559185855,.123883914448873,.517823245694974
5,6,4,2.3,1,.361210230777501,1.06837559185855,.123883914448873,.517823245694974
4,4,5,2.5,1,-.794662507710522,-.87750374698895,1.08086636767474,-.197099962341576
4,6,4,1.25,1,-.794662507710522,1.06837559185855,.123883914448873,.132532332865632
6,4,4,3,1,1.51708296926552,-.87750374698895,.123883914448873,.254487712241816
5,5,5,1.35,1,.361210230777501,.0954359224347981,1.08086636767474,.512504173629014
5,5,5,1.8,1,.361210230777501,.0954359224347981,1.08086636767474,.512504173629014
3,5,5,3.3,1,-1.95053524619855,.0954359224347981,1.08086636767474,-.258077652029668
6,6,6,2.65,1,1.51708296926552,1.06837559185855,2.03784882090061,1.54110246067489
3,6,5,2.6,2,-1.95053524619855,1.06837559185855,1.08086636767474,.0662355711115814
6,2,6,2.7,2,1.51708296926552,-2.82338308583645,2.03784882090061,.243849568109897
6,3,3,2.55,2,1.51708296926552,-1.8504434164127,-.833098538776997,-.388819661974724
4,5,6,2.75,2,-.794662507710522,.0954359224347981,2.03784882090061,.446207411874963
5,5,5,2.85,2,.361210230777501,.0954359224347981,1.08086636767474,.512504173629014
4,6,5,2.35,2,-.794662507710522,1.06837559185855,1.08086636767474,.451526483940923
6,6,5,2.3,2,1.51708296926552,1.06837559185855,1.08086636767474,1.2221083095996
6,6,2,2.25,2,1.51708296926552,1.06837559185855,-1.79008099200287,.265125856373734
6,6,2,1.5,2,1.51708296926552,1.06837559185855,-1.79008099200287,.265125856373734
5,3,2,1.55,2,.361210230777501,-1.8504434164127,-1.79008099200287,-1.09310472587935
5,6,3,1.9,2,.361210230777501,1.06837559185855,-.833098538776997,.198829094619683
5,4,3,2,2,.361210230777501,-.87750374698895,-.833098538776997,-.449797351662815
5,6,4,1.75,2,.361210230777501,1.06837559185855,.123883914448873,.517823245694974
5,6,4,1,2,.361210230777501,1.06837559185855,.123883914448873,.517823245694974
4,4,4,3.1,2,-.794662507710522,-.87750374698895,.123883914448873,-.516094113416867
3,4,6,2.7,2,-1.95053524619855,-.87750374698895,2.03784882090061,-.263396724095627
5,6,1,2.25,2,.361210230777501,1.06837559185855,-2.74706344522874,-.439159207530897
5,5,5,2.6,2,.361210230777501,.0954359224347981,1.08086636767474,.512504173629014
6,6,4,2.15,2,1.51708296926552,1.06837559185855,.123883914448873,.903114158524315
5,4,5,1.8,2,.361210230777501,-.87750374698895,1.08086636767474,.188190950487765
4,6,3,2.3,2,-.794662507710522,1.06837559185855,-.833098538776997,-.186461818209658
5,5,6,1.95,2,.361210230777501,.0954359224347981,2.03784882090061,.831498324704304
3,6,5,3.25,2,-1.95053524619855,1.06837559185855,1.08086636767474,.0662355711115814
5,5,3,2.55,2,.361210230777501,.0954359224347981,-.833098538776997,-.125484128521566
5,2,3,2.15,2,.361210230777501,-2.82338308583645,-.833098538776997,-1.09842379794531
5,5,4,3,2,.361210230777501,.0954359224347981,.123883914448873,.193510022553724
4,5,4,2.05,2,-.794662507710522,.0954359224347981,.123883914448873,-.191780890275617
5,3,5,1.4,2,.361210230777501,-1.8504434164127,1.08086636767474,-.136122272653485
4,5,3,2.5,2,-.794662507710522,.0954359224347981,-.833098538776997,-.510775041350907
5,5,3,1.85,2,.361210230777501,.0954359224347981,-.833098538776997,-.125484128521566
3,6,5,1.9,2,-1.95053524619855,1.06837559185855,1.08086636767474,.0662355711115814
5,6,3,1.8,2,.361210230777501,1.06837559185855,-.833098538776997,.198829094619683
5,4,3,3.6,2,.361210230777501,-.87750374698895,-.833098538776997,-.449797351662815
5,6,4,2.75,2,.361210230777501,1.06837559185855,.123883914448873,.517823245694974
6,5,5,2.55,2,1.51708296926552,.0954359224347981,1.08086636767474,.897795086458355
5,5,4,3.15,2,.361210230777501,.0954359224347981,.123883914448873,.193510022553724
4,3,4,2.4,2,-.794662507710522,-1.8504434164127,.123883914448873,-.840407336558116
5,3,5,2.2,2,.361210230777501,-1.8504434164127,1.08086636767474,-.136122272653485
5,2,3,2.45,2,.361210230777501,-2.82338308583645,-.833098538776997,-1.09842379794531
2,2,4,2.75,2,-3.10640798468657,-2.82338308583645,.123883914448873,-1.93530238535805
5,5,3,2.45,2,.361210230777501,.0954359224347981,-.833098538776997,-.125484128521566
5,4,4,2.15,2,.361210230777501,-.87750374698895,.123883914448873,-.130803200587525
4,6,6,2.65,2,-.794662507710522,1.06837559185855,2.03784882090061,.770520635016213
6,3,3,2.55,2,1.51708296926552,-1.8504434164127,-.833098538776997,-.388819661974724
5,4,4,1.9,2,.361210230777501,-.87750374698895,.123883914448873,-.130803200587525
6,4,3,1.75,2,1.51708296926552,-.87750374698895,-.833098538776997,-.0645064388334743
5,4,3,2.55,2,.361210230777501,-.87750374698895,-.833098538776997,-.449797351662815
4,4,5,2.05,2,-.794662507710522,-.87750374698895,1.08086636767474,-.197099962341576
3,6,5,1.8,2,-1.95053524619855,1.06837559185855,1.08086636767474,.0662355711115814
5,6,6,2.3,2,.361210230777501,1.06837559185855,2.03784882090061,1.15581154784555
6,4,3,1.95,2,1.51708296926552,-.87750374698895,-.833098538776997,-.0645064388334743
4,5,5,2.25,2,-.794662507710522,.0954359224347981,1.08086636767474,.127213260799673
5,5,4,2,2,.361210230777501,.0954359224347981,.123883914448873,.193510022553724
5,5,5,1.75,2,.361210230777501,.0954359224347981,1.08086636767474,.512504173629014
4,5,5,3.45,2,-.794662507710522,.0954359224347981,1.08086636767474,.127213260799673
5,6,6,1.15,2,.361210230777501,1.06837559185855,2.03784882090061,1.15581154784555
5,4,4,2.05,2,.361210230777501,-.87750374698895,.123883914448873,-.130803200587525
4,4,4,2.55,2,-.794662507710522,-.87750374698895,.123883914448873,-.516094113416867
5, ,5,3.25,2,.361210230777501, ,1.08086636767474,.721038299226122
4,4,3,3.5,2,-.794662507710522,-.87750374698895,-.833098538776997,-.835088264492157
5,4,3,2.5,2,.361210230777501,-.87750374698895,-.833098538776997,-.449797351662815
5,5,4,2.8,2,.361210230777501,.0954359224347981,.123883914448873,.193510022553724
5,6,4,1.5,2,.361210230777501,1.06837559185855,.123883914448873,.517823245694974
5,4,4,3.05,2,.361210230777501,-.87750374698895,.123883914448873,-.130803200587525
5,4,4,2.25,2,.361210230777501,-.87750374698895,.123883914448873,-.130803200587525
5,4,4,1.7,2,.361210230777501,-.87750374698895,.123883914448873,-.130803200587525
5,6,6,3.2,2,.361210230777501,1.06837559185855,2.03784882090061,1.15581154784555
5,6,3,2,2,.361210230777501,1.06837559185855,-.833098538776997,.198829094619683
5,4,2,2.75,2,.361210230777501,-.87750374698895,-1.79008099200287,-.768791502738106
5,5,6,1.85,2,.361210230777501,.0954359224347981,2.03784882090061,.831498324704304
4,5,2,2.15,2,-.794662507710522,.0954359224347981,-1.79008099200287,-.829769192426197
5,5,4,2.9,2,.361210230777501,.0954359224347981,.123883914448873,.193510022553724
6,6,3,1.9,2,1.51708296926552,1.06837559185855,-.833098538776997,.584120007449025
5,3,2,2.6,2,.361210230777501,-1.8504434164127,-1.79008099200287,-1.09310472587935
4,5,3,2,2,-.794662507710522,.0954359224347981,-.833098538776997,-.510775041350907
3,4,6,2.7,2,-1.95053524619855,-.87750374698895,2.03784882090061,-.263396724095627
5,2,4,1.75,2,.361210230777501,-2.82338308583645,.123883914448873,-.779429646870024
5,3,3,2.6,2,.361210230777501,-1.8504434164127,-.833098538776997,-.774110574804065
6,4,5,1.75,2,1.51708296926552,-.87750374698895,1.08086636767474,.573481863317106
5,5,4,1.9,2,.361210230777501,.0954359224347981,.123883914448873,.193510022553724
5,6,3,1.6,2,.361210230777501,1.06837559185855,-.833098538776997,.198829094619683
5,4,4,2.85,2,.361210230777501,-.87750374698895,.123883914448873,-.130803200587525
5,6,4,2.8,2,.361210230777501,1.06837559185855,.123883914448873,.517823245694974
4,4,4,1.8,2,-.794662507710522,-.87750374698895,.123883914448873,-.516094113416867
5,5,4,1.8,2,.361210230777501,.0954359224347981,.123883914448873,.193510022553724
6,2,2,1.4,2,1.51708296926552,-2.82338308583645,-1.79008099200287,-1.03212703619126
5,4,3,2.1,2,.361210230777501,-.87750374698895,-.833098538776997,-.449797351662815
5,4,3,1.1,2,.361210230777501,-.87750374698895,-.833098538776997,-.449797351662815
6,5,2,2.7,2,1.51708296926552,.0954359224347981,-1.79008099200287,-.059187366767515
5,4,5,2.89473684210526,2,.361210230777501,-.87750374698895,1.08086636767474,.188190950487765
6,4,4,2.65,2,1.51708296926552,-.87750374698895,.123883914448873,.254487712241816
3,5,4,2.3,2,-1.95053524619855,.0954359224347981,.123883914448873,-.577071803104958
5,6,6,2.65,2,.361210230777501,1.06837559185855,2.03784882090061,1.15581154784555
5,5,4,1.7,2,.361210230777501,.0954359224347981,.123883914448873,.193510022553724
4,5,3,1.3,2,-.794662507710522,.0954359224347981,-.833098538776997,-.510775041350907
3,2,2,2.55,2,-1.95053524619855,-2.82338308583645,-1.79008099200287,-2.18799977467929
6,4,4,2.05,2,1.51708296926552,-.87750374698895,.123883914448873,.254487712241816
5,5,4,1.85,2,.361210230777501,.0954359224347981,.123883914448873,.193510022553724
6,6,4,1.85,2,1.51708296926552,1.06837559185855,.123883914448873,.903114158524315
3,4,4,2.05,2,-1.95053524619855,-.87750374698895,.123883914448873,-.901385026246208
4,5,6,2.05,2,-.794662507710522,.0954359224347981,2.03784882090061,.446207411874963
6,5,3,1.55,2,1.51708296926552,.0954359224347981,-.833098538776997,.259806784307775
5,5,3,2.35,2,.361210230777501,.0954359224347981,-.833098538776997,-.125484128521566
4,3,3,1.7,2,-.794662507710522,-1.8504434164127,-.833098538776997,-1.15940148763341
5,6,5,3,2,.361210230777501,1.06837559185855,1.08086636767474,.836817396770264
5,7,5,1.25,2,.361210230777501,2.04131526128229,1.08086636767474,1.16113061991151
5,6,6,2.05,2,.361210230777501,1.06837559185855,2.03784882090061,1.15581154784555
5,7,4,2.9,2,.361210230777501,2.04131526128229,.123883914448873,.842136468836223
5,4,1,2.36842105263158,2,.361210230777501,-.87750374698895,-2.74706344522874,-1.0877856538134
5,6,6,2.5,2,.361210230777501,1.06837559185855,2.03784882090061,1.15581154784555
3,5,6,1.95,2,-1.95053524619855,.0954359224347981,2.03784882090061,.060916499045622
3,6,6,3,2,-1.95053524619855,1.06837559185855,2.03784882090061,.385229722186871
4,6,4,3.7,2,-.794662507710522,1.06837559185855,.123883914448873,.132532332865632
6,5,3,2.45,2,1.51708296926552,.0954359224347981,-.833098538776997,.259806784307775
4,4,3,2.45,2,-.794662507710522,-.87750374698895,-.833098538776997,-.835088264492157
5,5,4,1,2,.361210230777501,.0954359224347981,.123883914448873,.193510022553724
5,5,4,2.4,2,.361210230777501,.0954359224347981,.123883914448873,.193510022553724
4,6,5,2.25,2,-.794662507710522,1.06837559185855,1.08086636767474,.451526483940923
6,6,3,1.4,2,1.51708296926552,1.06837559185855,-.833098538776997,.584120007449025
5,5,4,1.7,2,.361210230777501,.0954359224347981,.123883914448873,.193510022553724
4,4,3,2,2,-.794662507710522,-.87750374698895,-.833098538776997,-.835088264492157
5,5,4,2.68421052631579,2,.361210230777501,.0954359224347981,.123883914448873,.193510022553724
5,4,3,1.15,2,.361210230777501,-.87750374698895,-.833098538776997,-.449797351662815
5,4,5,2.6,2,.361210230777501,-.87750374698895,1.08086636767474,.188190950487765
5,6,4,1.6,2,.361210230777501,1.06837559185855,.123883914448873,.517823245694974
3,4,2,1.15,2,-1.95053524619855,-.87750374698895,-1.79008099200287,-1.53937332839679
5,6,3,2.5,2,.361210230777501,1.06837559185855,-.833098538776997,.198829094619683
5,6,4,2.9,2,.361210230777501,1.06837559185855,.123883914448873,.517823245694974
5,4,2,1,2,.361210230777501,-.87750374698895,-1.79008099200287,-.768791502738106
5,5,5,2.2,2,.361210230777501,.0954359224347981,1.08086636767474,.512504173629014
5,6,4,1.9,2,.361210230777501,1.06837559185855,.123883914448873,.517823245694974
5,5,4,2.8,2,.361210230777501,.0954359224347981,.123883914448873,.193510022553724
5,5,4,1.95,2,.361210230777501,.0954359224347981,.123883914448873,.193510022553724
5,5,3,2.05,2,.361210230777501,.0954359224347981,-.833098538776997,-.125484128521566
4,5,3,2.05,2,-.794662507710522,.0954359224347981,-.833098538776997,-.510775041350907
5,6,4,2.55,2,.361210230777501,1.06837559185855,.123883914448873,.517823245694974
5,7,5,3.65,2,.361210230777501,2.04131526128229,1.08086636767474,1.16113061991151
4,5,4,1.45,2,-.794662507710522,.0954359224347981,.123883914448873,-.191780890275617
5,4,4,2.1,2,.361210230777501,-.87750374698895,.123883914448873,-.130803200587525
4,4,5,1.85,2,-.794662507710522,-.87750374698895,1.08086636767474,-.197099962341576
5,5,5,2.65,2,.361210230777501,.0954359224347981,1.08086636767474,.512504173629014
5,5,4,2.1,2,.361210230777501,.0954359224347981,.123883914448873,.193510022553724
3,5,4,2.2,2,-1.95053524619855,.0954359224347981,.123883914448873,-.577071803104958
3,5,5,2.47368421052632,2,-1.95053524619855,.0954359224347981,1.08086636767474,-.258077652029668
5,6,3,2.3,2,.361210230777501,1.06837559185855,-.833098538776997,.198829094619683
6,6,4,1.35,2,1.51708296926552,1.06837559185855,.123883914448873,.903114158524315
4,6,4,1.2,2,-.794662507710522,1.06837559185855,.123883914448873,.132532332865632
5,5,3,2.05,2,.361210230777501,.0954359224347981,-.833098538776997,-.125484128521566
5,6,5,1.8,2,.361210230777501,1.06837559185855,1.08086636767474,.836817396770264
2,4,5,2.45,2,-3.10640798468657,-.87750374698895,1.08086636767474,-.967681788000259
2,3,4,2.6,2,-3.10640798468657,-1.8504434164127,.123883914448873,-1.6109891622168
5,4,3,3.4,2,.361210230777501,-.87750374698895,-.833098538776997,-.449797351662815
5,5,4,2.1,2,.361210230777501,.0954359224347981,.123883914448873,.193510022553724
5,4,5,2.85,2,.361210230777501,-.87750374698895,1.08086636767474,.188190950487765
3,4,5,2.55,2,-1.95053524619855,-.87750374698895,1.08086636767474,-.582390875170917
4,5,4,3.3,2,-.794662507710522,.0954359224347981,.123883914448873,-.191780890275617
5,4,4,3.2,2,.361210230777501,-.87750374698895,.123883914448873,-.130803200587525
4,4,5,2.3,2,-.794662507710522,-.87750374698895,1.08086636767474,-.197099962341576
5,6,3,2.15,2,.361210230777501,1.06837559185855,-.833098538776997,.198829094619683
5,4,5,2.9,2,.361210230777501,-.87750374698895,1.08086636767474,.188190950487765
5,6,3,2.5,2,.361210230777501,1.06837559185855,-.833098538776997,.198829094619683
4,6,4,2.3,2,-.794662507710522,1.06837559185855,.123883914448873,.132532332865632
5,6,5,3,2,.361210230777501,1.06837559185855,1.08086636767474,.836817396770264
5,5,3,2.1,2,.361210230777501,.0954359224347981,-.833098538776997,-.125484128521566
5,5,3,3.2,2,.361210230777501,.0954359224347981,-.833098538776997,-.125484128521566
5,5,3,2,2,.361210230777501,.0954359224347981,-.833098538776997,-.125484128521566
5,4,2,1.25,2,.361210230777501,-.87750374698895,-1.79008099200287,-.768791502738106
4,4,5,2.05,2,-.794662507710522,-.87750374698895,1.08086636767474,-.197099962341576
5,7,5,2.15,2,.361210230777501,2.04131526128229,1.08086636767474,1.16113061991151
3,4,4,2.65,2,-1.95053524619855,-.87750374698895,.123883914448873,-.901385026246208
4,6,3,2.6,2,-.794662507710522,1.06837559185855,-.833098538776997,-.186461818209658
4,3,4,1,2,-.794662507710522,-1.8504434164127,.123883914448873,-.840407336558116
2,2,1,3.15,2,-3.10640798468657,-2.82338308583645,-2.74706344522874,-2.89228483858392
6,5,4,2.4,2,1.51708296926552,.0954359224347981,.123883914448873,.578800935383065
4,5,4,2.6,2,-.794662507710522,.0954359224347981,.123883914448873,-.191780890275617
5,6,6,3.35,2,.361210230777501,1.06837559185855,2.03784882090061,1.15581154784555
5,6,4,2.61111111111111,2,.361210230777501,1.06837559185855,.123883914448873,.517823245694974
6,4,4,1.55,2,1.51708296926552,-.87750374698895,.123883914448873,.254487712241816
6,4,4,2.55,2,1.51708296926552,-.87750374698895,.123883914448873,.254487712241816
3,5,3,3.2,2,-1.95053524619855,.0954359224347981,-.833098538776997,-.896065954180248
5,4,3,1.75,2,.361210230777501,-.87750374698895,-.833098538776997,-.449797351662815
5,6,5,3.55,2,.361210230777501,1.06837559185855,1.08086636767474,.836817396770264
6,6,4,1.85,2,1.51708296926552,1.06837559185855,.123883914448873,.903114158524315
4,6,3,2.2,2,-.794662507710522,1.06837559185855,-.833098538776997,-.186461818209658
4,5,5,2.6,2,-.794662507710522,.0954359224347981,1.08086636767474,.127213260799673
5,6,5,2.05,2,.361210230777501,1.06837559185855,1.08086636767474,.836817396770264
5,6,3,3.45,2,.361210230777501,1.06837559185855,-.833098538776997,.198829094619683
4,7,4,2.05,2,-.794662507710522,2.04131526128229,.123883914448873,.456845556006882
5,4,5,3.15,2,.361210230777501,-.87750374698895,1.08086636767474,.188190950487765
3,5,4,1.55,2,-1.95053524619855,.0954359224347981,.123883914448873,-.577071803104958
2,4,5,2.4,2,-3.10640798468657,-.87750374698895,1.08086636767474,-.967681788000259
6,2,4,2.55,2,1.51708296926552,-2.82338308583645,.123883914448873,-.394138734040683
6,4,4,2.6,2,1.51708296926552,-.87750374698895,.123883914448873,.254487712241816
4,6,4,2.25,2,-.794662507710522,1.06837559185855,.123883914448873,.132532332865632
5,6,3,2.9,2,.361210230777501,1.06837559185855,-.833098538776997,.198829094619683
5,3,4,3.52631578947368,2,.361210230777501,-1.8504434164127,.123883914448873,-.455116423728775
5,6,4,2,2,.361210230777501,1.06837559185855,.123883914448873,.517823245694974
5,5,4,1.75,2,.361210230777501,.0954359224347981,.123883914448873,.193510022553724
5,6,4,1.95,2,.361210230777501,1.06837559185855,.123883914448873,.517823245694974
2,3,3,1.35,2,-3.10640798468657,-1.8504434164127,-.833098538776997,-1.92998331329209
5,5,5,1.4,2,.361210230777501,.0954359224347981,1.08086636767474,.512504173629014
5,6,3,2.25,2,.361210230777501,1.06837559185855,-.833098538776997,.198829094619683
5,3,4,2.68421052631579,2,.361210230777501,-1.8504434164127,.123883914448873,-.455116423728775
1,4,3,2.25,2,-4.26228072317459,-.87750374698895,-.833098538776997,-1.99096100298018
5,5,4,1.15,2,.361210230777501,.0954359224347981,.123883914448873,.193510022553724
6,4,4,2.7,2,1.51708296926552,-.87750374698895,.123883914448873,.254487712241816
5,5,4,2.15,2,.361210230777501,.0954359224347981,.123883914448873,.193510022553724
6,5,2,3.3,2,1.51708296926552,.0954359224347981,-1.79008099200287,-.059187366767515
4,6,6,2.5,2,-.794662507710522,1.06837559185855,2.03784882090061,.770520635016213
5,5,3,1.65,2,.361210230777501,.0954359224347981,-.833098538776997,-.125484128521566
4,4,5,2.2,2,-.794662507710522,-.87750374698895,1.08086636767474,-.197099962341576
5,5,3,2.2,2,.361210230777501,.0954359224347981,-.833098538776997,-.125484128521566
6,4,2,1.6,2,1.51708296926552,-.87750374698895,-1.79008099200287,-.383500589908764
5,5,3,2.25,2,.361210230777501,.0954359224347981,-.833098538776997,-.125484128521566
5,3,5,1.3,2,.361210230777501,-1.8504434164127,1.08086636767474,-.136122272653485
5,5,3,2.1,2,.361210230777501,.0954359224347981,-.833098538776997,-.125484128521566
6,5,6,3.2,2,1.51708296926552,.0954359224347981,2.03784882090061,1.21678923753365
3,4,4,1.5,2,-1.95053524619855,-.87750374698895,.123883914448873,-.901385026246208
4,5,3,2.1,2,-.794662507710522,.0954359224347981,-.833098538776997,-.510775041350907
4,5,3,2.4,2,-.794662507710522,.0954359224347981,-.833098538776997,-.510775041350907
5,6,6,1.95,2,.361210230777501,1.06837559185855,2.03784882090061,1.15581154784555
4,5,4,2.75,2,-.794662507710522,.0954359224347981,.123883914448873,-.191780890275617
5,6,5,2.05,2,.361210230777501,1.06837559185855,1.08086636767474,.836817396770264
3,6,3,2.85,2,-1.95053524619855,1.06837559185855,-.833098538776997,-.571752731038999
5,6,4,3,2,.361210230777501,1.06837559185855,.123883914448873,.517823245694974
5,5,5,1.45,2,.361210230777501,.0954359224347981,1.08086636767474,.512504173629014
5,5,3,1.35,2,.361210230777501,.0954359224347981,-.833098538776997,-.125484128521566
5,5,4,1.9,2,.361210230777501,.0954359224347981,.123883914448873,.193510022553724
8,5,3,3.4,2,3.82882844624157,.0954359224347981,-.833098538776997,1.03038860996646
5,5,4,2.8,2,.361210230777501,.0954359224347981,.123883914448873,.193510022553724
6,5,3,2.7,2,1.51708296926552,.0954359224347981,-.833098538776997,.259806784307775
6,6,4,1.85,2,1.51708296926552,1.06837559185855,.123883914448873,.903114158524315
5,6,4,2.55,2,.361210230777501,1.06837559185855,.123883914448873,.517823245694974
5,5,3,2.9,2,.361210230777501,.0954359224347981,-.833098538776997,-.125484128521566
5,4,3,2.15,2,.361210230777501,-.87750374698895,-.833098538776997,-.449797351662815
5,6,3,2.3,2,.361210230777501,1.06837559185855,-.833098538776997,.198829094619683
5,4,4,3.35,2,.361210230777501,-.87750374698895,.123883914448873,-.130803200587525
4,5,3,2.6,2,-.794662507710522,.0954359224347981,-.833098538776997,-.510775041350907
5,6,6,2,2,.361210230777501,1.06837559185855,2.03784882090061,1.15581154784555
5,7,6,1.9,2,.361210230777501,2.04131526128229,2.03784882090061,1.4801247709868
5,5,5,2.25,2,.361210230777501,.0954359224347981,1.08086636767474,.512504173629014
5,6,5,2.75,2,.361210230777501,1.06837559185855,1.08086636767474,.836817396770264
3,3,4,2.45,2,-1.95053524619855,-1.8504434164127,.123883914448873,-1.22569824938746
5,4,3,2.2,2,.361210230777501,-.87750374698895,-.833098538776997,-.449797351662815
5,6,4,2.95,2,.361210230777501,1.06837559185855,.123883914448873,.517823245694974
4,5,4,1.8,2,-.794662507710522,.0954359224347981,.123883914448873,-.191780890275617
5,6,3,3,2,.361210230777501,1.06837559185855,-.833098538776997,.198829094619683
5,6,3,3.05,2,.361210230777501,1.06837559185855,-.833098538776997,.198829094619683
5,6,4,3.1,2,.361210230777501,1.06837559185855,.123883914448873,.517823245694974
4,5,6,1.95,2,-.794662507710522,.0954359224347981,2.03784882090061,.446207411874963
3,5,4,2.4,2,-1.95053524619855,.0954359224347981,.123883914448873,-.577071803104958
6,4,4,2.1,2,1.51708296926552,-.87750374698895,.123883914448873,.254487712241816
3,4,2,2.1,2,-1.95053524619855,-.87750374698895,-1.79008099200287,-1.53937332839679
6,5,4,2.25,2,1.51708296926552,.0954359224347981,.123883914448873,.578800935383065
5,4,4,3.1,2,.361210230777501,-.87750374698895,.123883914448873,-.130803200587525
4,2,3,2.9,2,-.794662507710522,-2.82338308583645,-.833098538776997,-1.48371471077466
4,4,3,1.95,2,-.794662507710522,-.87750374698895,-.833098538776997,-.835088264492157
5,6,6,2.05,2,.361210230777501,1.06837559185855,2.03784882090061,1.15581154784555
5,5,4,2.15,2,.361210230777501,.0954359224347981,.123883914448873,.193510022553724
5,5,5,2.95,2,.361210230777501,.0954359224347981,1.08086636767474,.512504173629014
5,6,4,1.9,2,.361210230777501,1.06837559185855,.123883914448873,.517823245694974
7,5,3,2.4,2,2.67295570775355,.0954359224347981,-.833098538776997,.645097697137116
3,4,4,1.4,2,-1.95053524619855,-.87750374698895,.123883914448873,-.901385026246208
4,5,4,2.55,2,-.794662507710522,.0954359224347981,.123883914448873,-.191780890275617
5,5,5,1.9,2,.361210230777501,.0954359224347981,1.08086636767474,.512504173629014
5,5,3,3.55,2,.361210230777501,.0954359224347981,-.833098538776997,-.125484128521566
4,5,3,2.75,2,-.794662507710522,.0954359224347981,-.833098538776997,-.510775041350907
4,4,5,2.25,2,-.794662507710522,-.87750374698895,1.08086636767474,-.197099962341576
5,5,4,1.95,2,.361210230777501,.0954359224347981,.123883914448873,.193510022553724
5,4,3,2.35,2,.361210230777501,-.87750374698895,-.833098538776997,-.449797351662815
5,6,6,2.1,2,.361210230777501,1.06837559185855,2.03784882090061,1.15581154784555
5,6,5,2.45,2,.361210230777501,1.06837559185855,1.08086636767474,.836817396770264
5,5,4,2.65,2,.361210230777501,.0954359224347981,.123883914448873,.193510022553724
5,4,5,2,2,.361210230777501,-.87750374698895,1.08086636767474,.188190950487765
5,4,4,1.36842105263158,2,.361210230777501,-.87750374698895,.123883914448873,-.130803200587525
5,5,6,2.5,2,.361210230777501,.0954359224347981,2.03784882090061,.831498324704304
6,4,6,2.4,2,1.51708296926552,-.87750374698895,2.03784882090061,.892476014392396
4,4,2,3.15,2,-.794662507710522,-.87750374698895,-1.79008099200287,-1.15408241556745
3,4,2,1.75,2,-1.95053524619855,-.87750374698895,-1.79008099200287,-1.53937332839679
5,5,5,1.6,2,.361210230777501,.0954359224347981,1.08086636767474,.512504173629014
5,5,3,2.1,2,.361210230777501,.0954359224347981,-.833098538776997,-.125484128521566
5,5,3,2.4,2,.361210230777501,.0954359224347981,-.833098538776997,-.125484128521566
3,5,5,2.6,2,-1.95053524619855,.0954359224347981,1.08086636767474,-.258077652029668
4,6,4,3.25,2,-.794662507710522,1.06837559185855,.123883914448873,.132532332865632
5,4,4,1.9,2,.361210230777501,-.87750374698895,.123883914448873,-.130803200587525
5,5,3,2.1,2,.361210230777501,.0954359224347981,-.833098538776997,-.125484128521566
6,5,5,1.35,2,1.51708296926552,.0954359224347981,1.08086636767474,.897795086458355
3,2,4,2.15,2,-1.95053524619855,-2.82338308583645,.123883914448873,-1.55001147252871
5,5,4,1.9,2,.361210230777501,.0954359224347981,.123883914448873,.193510022553724
4,5,4,1.8,2,-.794662507710522,.0954359224347981,.123883914448873,-.191780890275617
5,4,4,1.9,2,.361210230777501,-.87750374698895,.123883914448873,-.130803200587525
3,6,4,2.75,2,-1.95053524619855,1.06837559185855,.123883914448873,-.252758579963709
4,4,3,1.95,2,-.794662507710522,-.87750374698895,-.833098538776997,-.835088264492157
5,5,4,2.95,2,.361210230777501,.0954359224347981,.123883914448873,.193510022553724
5,6,3,2,2,.361210230777501,1.06837559185855,-.833098538776997,.198829094619683
5,6,4,1.2,2,.361210230777501,1.06837559185855,.123883914448873,.517823245694974
5,5,5,2.05,2,.361210230777501,.0954359224347981,1.08086636767474,.512504173629014
5,5,4,1.55,2,.361210230777501,.0954359224347981,.123883914448873,.193510022553724
4,6,5,1.35,2,-.794662507710522,1.06837559185855,1.08086636767474,.451526483940923
5,6,5,3.1,2,.361210230777501,1.06837559185855,1.08086636767474,.836817396770264
5,6,4,2.4,2,.361210230777501,1.06837559185855,.123883914448873,.517823245694974
5,6,4,1.55,2,.361210230777501,1.06837559185855,.123883914448873,.517823245694974
5,4,4,1.75,2,.361210230777501,-.87750374698895,.123883914448873,-.130803200587525
5,5,3,2.95,2,.361210230777501,.0954359224347981,-.833098538776997,-.125484128521566
2,5,3,2.9,2,-3.10640798468657,.0954359224347981,-.833098538776997,-1.28135686700959
4,6,3,2.1,2,-.794662507710522,1.06837559185855,-.833098538776997,-.186461818209658
4,5,2,1.9,2,-.794662507710522,.0954359224347981,-1.79008099200287,-.829769192426197
5,5,2,1.8,2,.361210230777501,.0954359224347981,-1.79008099200287,-.444478279596856
4,6,4,2.65,2,-.794662507710522,1.06837559185855,.123883914448873,.132532332865632
6,4,3,2,2,1.51708296926552,-.87750374698895,-.833098538776997,-.0645064388334743
5,3,4,1.3,2,.361210230777501,-1.8504434164127,.123883914448873,-.455116423728775
5,6,3,1.9,2,.361210230777501,1.06837559185855,-.833098538776997,.198829094619683
4,3,3,1.6,2,-.794662507710522,-1.8504434164127,-.833098538776997,-1.15940148763341
5,5,5,2.7,2,.361210230777501,.0954359224347981,1.08086636767474,.512504173629014
5,4,3,2.7,2,.361210230777501,-.87750374698895,-.833098538776997,-.449797351662815
4,5,3,2.9,2,-.794662507710522,.0954359224347981,-.833098538776997,-.510775041350907
3,4,5,2.6,2,-1.95053524619855,-.87750374698895,1.08086636767474,-.582390875170917
6,6,5,2.4,2,1.51708296926552,1.06837559185855,1.08086636767474,1.2221083095996
5,4,2,1.65,2,.361210230777501,-.87750374698895,-1.79008099200287,-.768791502738106
5,5,3,2,2,.361210230777501,.0954359224347981,-.833098538776997,-.125484128521566
5,4,4,2.25,2,.361210230777501,-.87750374698895,.123883914448873,-.130803200587525
4,4,4,3.75,2,-.794662507710522,-.87750374698895,.123883914448873,-.516094113416867
4,5,2,1.6,2,-.794662507710522,.0954359224347981,-1.79008099200287,-.829769192426197
5,5,4,2.25,2,.361210230777501,.0954359224347981,.123883914448873,.193510022553724
3,5,5,1.9,2,-1.95053524619855,.0954359224347981,1.08086636767474,-.258077652029668
3,6,6,1.65,2,-1.95053524619855,1.06837559185855,2.03784882090061,.385229722186871
5,4,5,3.05,2,.361210230777501,-.87750374698895,1.08086636767474,.188190950487765
5,7,6,1.7,2,.361210230777501,2.04131526128229,2.03784882090061,1.4801247709868
5,6,4,1.4,2,.361210230777501,1.06837559185855,.123883914448873,.517823245694974
6,5,4,1,2,1.51708296926552,.0954359224347981,.123883914448873,.578800935383065
4,6,4,2.3,2,-.794662507710522,1.06837559185855,.123883914448873,.132532332865632
4,3,4,3.45,2,-.794662507710522,-1.8504434164127,.123883914448873,-.840407336558116
5,6,4,2.4,2,.361210230777501,1.06837559185855,.123883914448873,.517823245694974
5,5,4,2.3,2,.361210230777501,.0954359224347981,.123883914448873,.193510022553724
4,6,4,3.05,2,-.794662507710522,1.06837559185855,.123883914448873,.132532332865632
5,6,6,2.65,2,.361210230777501,1.06837559185855,2.03784882090061,1.15581154784555
5,6,2,2.9,2,.361210230777501,1.06837559185855,-1.79008099200287,-.120165056455607
6,6,4,2.35,2,1.51708296926552,1.06837559185855,.123883914448873,.903114158524315
2,6,4,3.35,2,-3.10640798468657,1.06837559185855,.123883914448873,-.63804949279305
4,3,3,2.5,2,-.794662507710522,-1.8504434164127,-.833098538776997,-1.15940148763341
4,4,3,1.8,2,-.794662507710522,-.87750374698895,-.833098538776997,-.835088264492157
5,5,4,2.75,2,.361210230777501,.0954359224347981,.123883914448873,.193510022553724
4,6,3,3.15,2,-.794662507710522,1.06837559185855,-.833098538776997,-.186461818209658
5,6,5,2.45,2,.361210230777501,1.06837559185855,1.08086636767474,.836817396770264
5,3,4,2.7,2,.361210230777501,-1.8504434164127,.123883914448873,-.455116423728775
5,4,3,2.3,2,.361210230777501,-.87750374698895,-.833098538776997,-.449797351662815
5,7,4,2.55,2,.361210230777501,2.04131526128229,.123883914448873,.842136468836223
5,2,4,2.15,2,.361210230777501,-2.82338308583645,.123883914448873,-.779429646870024
5,5,6,2.3,2,.361210230777501,.0954359224347981,2.03784882090061,.831498324704304
5,5,4,2.15,2,.361210230777501,.0954359224347981,.123883914448873,.193510022553724
5,4,5,1.6,2,.361210230777501,-.87750374698895,1.08086636767474,.188190950487765
5,5,4,1.3,2,.361210230777501,.0954359224347981,.123883914448873,.193510022553724
5,4,4,2.3,2,.361210230777501,-.87750374698895,.123883914448873,-.130803200587525
5,5,4,2.1,2,.361210230777501,.0954359224347981,.123883914448873,.193510022553724
5,5,4,2.4,2,.361210230777501,.0954359224347981,.123883914448873,.193510022553724
5,7,3,2.55,2,.361210230777501,2.04131526128229,-.833098538776997,.523142317760933
5,5,5,2.7,2,.361210230777501,.0954359224347981,1.08086636767474,.512504173629014
5,5,3,3.25,2,.361210230777501,.0954359224347981,-.833098538776997,-.125484128521566
5,5,5,1.4,2,.361210230777501,.0954359224347981,1.08086636767474,.512504173629014
4,6,6,2.25,2,-.794662507710522,1.06837559185855,2.03784882090061,.770520635016213
4,5,4,3.15,2,-.794662507710522,.0954359224347981,.123883914448873,-.191780890275617
4,5,5,2.2,2,-.794662507710522,.0954359224347981,1.08086636767474,.127213260799673
5,5,4,2.7,2,.361210230777501,.0954359224347981,.123883914448873,.193510022553724
4,6,4,2.65,2,-.794662507710522,1.06837559185855,.123883914448873,.132532332865632
5,5,4,2.75,2,.361210230777501,.0954359224347981,.123883914448873,.193510022553724
5,6,5,2,2,.361210230777501,1.06837559185855,1.08086636767474,.836817396770264
4,6,6,2.95,2,-.794662507710522,1.06837559185855,2.03784882090061,.770520635016213
5,5,4,1.95,2,.361210230777501,.0954359224347981,.123883914448873,.193510022553724
3,4,2,1.45,2,-1.95053524619855,-.87750374698895,-1.79008099200287,-1.53937332839679
5,6,3,1.15,2,.361210230777501,1.06837559185855,-.833098538776997,.198829094619683
5,6,4,2.65,2,.361210230777501,1.06837559185855,.123883914448873,.517823245694974
5,4,3,2.65,2,.361210230777501,-.87750374698895,-.833098538776997,-.449797351662815
5,5,5,2.2,2,.361210230777501,.0954359224347981,1.08086636767474,.512504173629014
5,6,4,2.9,2,.361210230777501,1.06837559185855,.123883914448873,.517823245694974
5,5,4,2.4,2,.361210230777501,.0954359224347981,.123883914448873,.193510022553724
5,4,2,2.05,2,.361210230777501,-.87750374698895,-1.79008099200287,-.768791502738106
5,5,4,2.9,2,.361210230777501,.0954359224347981,.123883914448873,.193510022553724
4,6,4,2.1,2,-.794662507710522,1.06837559185855,.123883914448873,.132532332865632
1,7,6,3.25,2,-4.26228072317459,2.04131526128229,2.03784882090061,-.0610388803305614
5,6,3,2.05,2,.361210230777501,1.06837559185855,-.833098538776997,.198829094619683
4,5,4,2.35,2,-.794662507710522,.0954359224347981,.123883914448873,-.191780890275617
5,6,4,1.65,2,.361210230777501,1.06837559185855,.123883914448873,.517823245694974
5,5,3,1.5,2,.361210230777501,.0954359224347981,-.833098538776997,-.125484128521566
5,6,4,1.3,2,.361210230777501,1.06837559185855,.123883914448873,.517823245694974
5,4,3,1.45,2,.361210230777501,-.87750374698895,-.833098538776997,-.449797351662815
5,6,5,2.25,2,.361210230777501,1.06837559185855,1.08086636767474,.836817396770264
5,3,3,2.7,2,.361210230777501,-1.8504434164127,-.833098538776997,-.774110574804065
4,6,5,2,2,-.794662507710522,1.06837559185855,1.08086636767474,.451526483940923
5,6,4,2.8,2,.361210230777501,1.06837559185855,.123883914448873,.517823245694974
5,5,5,1.57894736842105,2,.361210230777501,.0954359224347981,1.08086636767474,.512504173629014
5,3,4,2.45,2,.361210230777501,-1.8504434164127,.123883914448873,-.455116423728775
3,6,4,1.9,2,-1.95053524619855,1.06837559185855,.123883914448873,-.252758579963709
3,5,5,2.9,2,-1.95053524619855,.0954359224347981,1.08086636767474,-.258077652029668
5,3,3,2.25,2,.361210230777501,-1.8504434164127,-.833098538776997,-.774110574804065
5,4,2,3.15,2,.361210230777501,-.87750374698895,-1.79008099200287,-.768791502738106
5,5,3,1.7,2,.361210230777501,.0954359224347981,-.833098538776997,-.125484128521566
5,6,3,2.05,2,.361210230777501,1.06837559185855,-.833098538776997,.198829094619683
4,6,6,1.55,2,-.794662507710522,1.06837559185855,2.03784882090061,.770520635016213
4,4,4,2.65,2,-.794662507710522,-.87750374698895,.123883914448873,-.516094113416867
5,4,4,1.55,2,.361210230777501,-.87750374698895,.123883914448873,-.130803200587525
3,5,5,1.85,2,-1.95053524619855,.0954359224347981,1.08086636767474,-.258077652029668
5,4,4,3.1,2,.361210230777501,-.87750374698895,.123883914448873,-.130803200587525
3,5,5,2.45,2,-1.95053524619855,.0954359224347981,1.08086636767474,-.258077652029668
3,4,2,1.65,2,-1.95053524619855,-.87750374698895,-1.79008099200287,-1.53937332839679
5,5,4,2,2,.361210230777501,.0954359224347981,.123883914448873,.193510022553724
5,6,5,2.65,2,.361210230777501,1.06837559185855,1.08086636767474,.836817396770264
5,5,4,1,2,.361210230777501,.0954359224347981,.123883914448873,.193510022553724
3,5,6,2.85,2,-1.95053524619855,.0954359224347981,2.03784882090061,.060916499045622
4,3,3,2,2,-.794662507710522,-1.8504434164127,-.833098538776997,-1.15940148763341
5,3,5,2.3,2,.361210230777501,-1.8504434164127,1.08086636767474,-.136122272653485
5,3,3,3.1,2,.361210230777501,-1.8504434164127,-.833098538776997,-.774110574804065
5,4,4,3.4,2,.361210230777501,-.87750374698895,.123883914448873,-.130803200587525
5,5,5,1.85,2,.361210230777501,.0954359224347981,1.08086636767474,.512504173629014
5,6,4,2.55,2,.361210230777501,1.06837559185855,.123883914448873,.517823245694974
3,6,4,3.15,2,-1.95053524619855,1.06837559185855,.123883914448873,-.252758579963709
3,6,5,1.6,2,-1.95053524619855,1.06837559185855,1.08086636767474,.0662355711115814
5,2,4,2.3,2,.361210230777501,-2.82338308583645,.123883914448873,-.779429646870024
6,5,6,2.45,2,1.51708296926552,.0954359224347981,2.03784882090061,1.21678923753365
6,4,3,1.8,2,1.51708296926552,-.87750374698895,-.833098538776997,-.0645064388334743
8,1,3,2.57894736842105,2,3.82882844624157,-3.7963227552602,-.833098538776997,-.26686428259854
3,4,5,3.2,2,-1.95053524619855,-.87750374698895,1.08086636767474,-.582390875170917
2,2,5,2.25,2,-3.10640798468657,-2.82338308583645,1.08086636767474,-1.61630823428276
5,4,5,2.65,2,.361210230777501,-.87750374698895,1.08086636767474,.188190950487765
4,5,4,2.05,2,-.794662507710522,.0954359224347981,.123883914448873,-.191780890275617
4,5,5,2.4,2,-.794662507710522,.0954359224347981,1.08086636767474,.127213260799673
5,3,2,1.7,2,.361210230777501,-1.8504434164127,-1.79008099200287,-1.09310472587935
5,4,3,2.2,2,.361210230777501,-.87750374698895,-.833098538776997,-.449797351662815
5,4,2,2.55,2,.361210230777501,-.87750374698895,-1.79008099200287,-.768791502738106
5,7,4,2.3,2,.361210230777501,2.04131526128229,.123883914448873,.842136468836223
4,4,4,2.25,2,-.794662507710522,-.87750374698895,.123883914448873,-.516094113416867
5,5,4,2.9,2,.361210230777501,.0954359224347981,.123883914448873,.193510022553724
4,4,5,2.9,2,-.794662507710522,-.87750374698895,1.08086636767474,-.197099962341576
2,5,4,2.55,2,-3.10640798468657,.0954359224347981,.123883914448873,-.962362715934299
5,6,4,1.5,2,.361210230777501,1.06837559185855,.123883914448873,.517823245694974
5,6,5,1,2,.361210230777501,1.06837559185855,1.08086636767474,.836817396770264
3,5,5,2.85,2,-1.95053524619855,.0954359224347981,1.08086636767474,-.258077652029668
6,4,4,1.15,2,1.51708296926552,-.87750374698895,.123883914448873,.254487712241816
5,4,4,1.95,2,.361210230777501,-.87750374698895,.123883914448873,-.130803200587525
3,4,5,2.2,2,-1.95053524619855,-.87750374698895,1.08086636767474,-.582390875170917
4,5,3,1.9,2,-.794662507710522,.0954359224347981,-.833098538776997,-.510775041350907
3,3,3,1.95,2,-1.95053524619855,-1.8504434164127,-.833098538776997,-1.54469240046275
4,1,6,2.4,2,-.794662507710522,-3.7963227552602,2.03784882090061,-.851045480690035
5,3,4,2.2,2,.361210230777501,-1.8504434164127,.123883914448873,-.455116423728775
3,5,6,2.8,2,-1.95053524619855,.0954359224347981,2.03784882090061,.060916499045622
4,6,6,1.5,2,-.794662507710522,1.06837559185855,2.03784882090061,.770520635016213
5,4,3,1.3,2,.361210230777501,-.87750374698895,-.833098538776997,-.449797351662815
5,5,6,1.8,2,.361210230777501,.0954359224347981,2.03784882090061,.831498324704304
5,5,2,2.7,2,.361210230777501,.0954359224347981,-1.79008099200287,-.444478279596856
5,4, ,2.2,2,.361210230777501,-.87750374698895, ,-.258146758105725
6,6,3,2.35,2,1.51708296926552,1.06837559185855,-.833098538776997,.584120007449025
6,4,3,2.4,2,1.51708296926552,-.87750374698895,-.833098538776997,-.0645064388334743
5,5,4,2.35,2,.361210230777501,.0954359224347981,.123883914448873,.193510022553724
5,5,4,2.8,2,.361210230777501,.0954359224347981,.123883914448873,.193510022553724
4,2,4,2.85,2,-.794662507710522,-2.82338308583645,.123883914448873,-1.16472055969937
5,6,5,1.95,2,.361210230777501,1.06837559185855,1.08086636767474,.836817396770264
4,4,3,2.1,2,-.794662507710522,-.87750374698895,-.833098538776997,-.835088264492157
5,4,3,2.45,2,.361210230777501,-.87750374698895,-.833098538776997,-.449797351662815
3,5,5,2.6,2,-1.95053524619855,.0954359224347981,1.08086636767474,-.258077652029668
5,2,3,1.35,2,.361210230777501,-2.82338308583645,-.833098538776997,-1.09842379794531
6,3,3,1.3,2,1.51708296926552,-1.8504434164127,-.833098538776997,-.388819661974724
5,6,6,2.95,2,.361210230777501,1.06837559185855,2.03784882090061,1.15581154784555
4,5,4,2.15,2,-.794662507710522,.0954359224347981,.123883914448873,-.191780890275617
5,4,5,2.8,2,.361210230777501,-.87750374698895,1.08086636767474,.188190950487765
5,3,4,2.3,2,.361210230777501,-1.8504434164127,.123883914448873,-.455116423728775
5,5,3,1.65,2,.361210230777501,.0954359224347981,-.833098538776997,-.125484128521566
5,5,3,1.3,2,.361210230777501,.0954359224347981,-.833098538776997,-.125484128521566
6,5,3,2,2,1.51708296926552,.0954359224347981,-.833098538776997,.259806784307775
5,5,4,2.55,2,.361210230777501,.0954359224347981,.123883914448873,.193510022553724
5,6,4,2.7,2,.361210230777501,1.06837559185855,.123883914448873,.517823245694974
4,3,3,3,2,-.794662507710522,-1.8504434164127,-.833098538776997,-1.15940148763341
5,5,5,1.94736842105263,2,.361210230777501,.0954359224347981,1.08086636767474,.512504173629014
4,5,3,3.05,2,-.794662507710522,.0954359224347981,-.833098538776997,-.510775041350907
5,5,5,2.4,2,.361210230777501,.0954359224347981,1.08086636767474,.512504173629014
5,7,4,3.15,2,.361210230777501,2.04131526128229,.123883914448873,.842136468836223
5,4,3,2.9,2,.361210230777501,-.87750374698895,-.833098538776997,-.449797351662815
5,5,2,3.15,2,.361210230777501,.0954359224347981,-1.79008099200287,-.444478279596856
2,6,5,2.7,2,-3.10640798468657,1.06837559185855,1.08086636767474,-.31905534171776
1,5,5,3.35,2,-4.26228072317459,.0954359224347981,1.08086636767474,-1.02865947768835
5,5,2,1.65,2,.361210230777501,.0954359224347981,-1.79008099200287,-.444478279596856
3,6,3,1.35,2,-1.95053524619855,1.06837559185855,-.833098538776997,-.571752731038999
5,5,3,1.7,3,.361210230777501,.0954359224347981,-.833098538776997,-.125484128521566
5,5,4,1.45,3,.361210230777501,.0954359224347981,.123883914448873,.193510022553724
5,5,3,1.2,3,.361210230777501,.0954359224347981,-.833098538776997,-.125484128521566
5,6,3,1.85,3,.361210230777501,1.06837559185855,-.833098538776997,.198829094619683
5,5,3,1.8,3,.361210230777501,.0954359224347981,-.833098538776997,-.125484128521566
5,6,5,2.5,3,.361210230777501,1.06837559185855,1.08086636767474,.836817396770264
5,5,3,3.05,3,.361210230777501,.0954359224347981,-.833098538776997,-.125484128521566
5,4,3,1.95,3,.361210230777501,-.87750374698895,-.833098538776997,-.449797351662815
4,5,4,2.15,3,-.794662507710522,.0954359224347981,.123883914448873,-.191780890275617
3,4,3,1.7,3,-1.95053524619855,-.87750374698895,-.833098538776997,-1.2203791773215
5,4,3,1.9,3,.361210230777501,-.87750374698895,-.833098538776997,-.449797351662815
5,4,3,2,3,.361210230777501,-.87750374698895,-.833098538776997,-.449797351662815
5,4,2,2.85,3,.361210230777501,-.87750374698895,-1.79008099200287,-.768791502738106
4,3,2,1.55,3,-.794662507710522,-1.8504434164127,-1.79008099200287,-1.4783956387087
5,5,4,2.95,3,.361210230777501,.0954359224347981,.123883914448873,.193510022553724
5,5,3,2.55,3,.361210230777501,.0954359224347981,-.833098538776997,-.125484128521566
5,6,4,2,3,.361210230777501,1.06837559185855,.123883914448873,.517823245694974
3,4,2,1.95,3,-1.95053524619855,-.87750374698895,-1.79008099200287,-1.53937332839679
5,6,2,2.7,3,.361210230777501,1.06837559185855,-1.79008099200287,-.120165056455607
5,5,5,2.55,3,.361210230777501,.0954359224347981,1.08086636767474,.512504173629014
5,5,3,1.55,3,.361210230777501,.0954359224347981,-.833098538776997,-.125484128521566
5,5,3,1.55,3,.361210230777501,.0954359224347981,-.833098538776997,-.125484128521566
3,4,5,1.8,3,-1.95053524619855,-.87750374698895,1.08086636767474,-.582390875170917
4,2,6,2.35,3,-.794662507710522,-2.82338308583645,2.03784882090061,-.526732257548785
5,6,2,3.5,3,.361210230777501,1.06837559185855,-1.79008099200287,-.120165056455607
5,6,4,2.15,3,.361210230777501,1.06837559185855,.123883914448873,.517823245694974
3,4,4,2.45,3,-1.95053524619855,-.87750374698895,.123883914448873,-.901385026246208
4,3,5,2.5,3,-.794662507710522,-1.8504434164127,1.08086636767474,-.521413185482826
5,3,3,2.25,3,.361210230777501,-1.8504434164127,-.833098538776997,-.774110574804065
6,6,4,2.05263157894737,3,1.51708296926552,1.06837559185855,.123883914448873,.903114158524315
5,3,5,1.15,3,.361210230777501,-1.8504434164127,1.08086636767474,-.136122272653485
5,4,3,2.1,3,.361210230777501,-.87750374698895,-.833098538776997,-.449797351662815
5,6,4,2,3,.361210230777501,1.06837559185855,.123883914448873,.517823245694974
5,5,4,2.85,3,.361210230777501,.0954359224347981,.123883914448873,.193510022553724
5,6,3,1.75,3,.361210230777501,1.06837559185855,-.833098538776997,.198829094619683
5,4,4,2.05,3,.361210230777501,-.87750374698895,.123883914448873,-.130803200587525
2,4,3,1.8,3,-3.10640798468657,-.87750374698895,-.833098538776997,-1.60567009015084
3,4,2,2.05263157894737,3,-1.95053524619855,-.87750374698895,-1.79008099200287,-1.53937332839679
4,5,3,2.15,3,-.794662507710522,.0954359224347981,-.833098538776997,-.510775041350907
5,6,3,1.25,3,.361210230777501,1.06837559185855,-.833098538776997,.198829094619683
4,4,2,2.1,3,-.794662507710522,-.87750374698895,-1.79008099200287,-1.15408241556745
6,4,4,2.35,3,1.51708296926552,-.87750374698895,.123883914448873,.254487712241816
5,5,4,2.5,3,.361210230777501,.0954359224347981,.123883914448873,.193510022553724
5,4,4,1.55,3,.361210230777501,-.87750374698895,.123883914448873,-.130803200587525
5,4,3,2,3,.361210230777501,-.87750374698895,-.833098538776997,-.449797351662815
5,6,3,2.15,3,.361210230777501,1.06837559185855,-.833098538776997,.198829094619683
4,5,3,1.25,3,-.794662507710522,.0954359224347981,-.833098538776997,-.510775041350907
6,4,2,2.1,3,1.51708296926552,-.87750374698895,-1.79008099200287,-.383500589908764
5,5,4,1.95,3,.361210230777501,.0954359224347981,.123883914448873,.193510022553724
5,4,3,1.8,3,.361210230777501,-.87750374698895,-.833098538776997,-.449797351662815
5,6,4,2.45,3,.361210230777501,1.06837559185855,.123883914448873,.517823245694974
5,5,5,2.45,3,.361210230777501,.0954359224347981,1.08086636767474,.512504173629014
4,3,5,2.52631578947368,3,-.794662507710522,-1.8504434164127,1.08086636767474,-.521413185482826
5,3,3,2.1,3,.361210230777501,-1.8504434164127,-.833098538776997,-.774110574804065
5,4,3,1.85,3,.361210230777501,-.87750374698895,-.833098538776997,-.449797351662815
5,4,2,2.75,3,.361210230777501,-.87750374698895,-1.79008099200287,-.768791502738106
5,2,2,3,3,.361210230777501,-2.82338308583645,-1.79008099200287,-1.4174179490206
5,4,3,1.55,3,.361210230777501,-.87750374698895,-.833098538776997,-.449797351662815
5,5,2,2.21052631578947,3,.361210230777501,.0954359224347981,-1.79008099200287,-.444478279596856
5,4,3,1.85,3,.361210230777501,-.87750374698895,-.833098538776997,-.449797351662815
5,5,4,2.4,3,.361210230777501,.0954359224347981,.123883914448873,.193510022553724
5,4,2,1.55,3,.361210230777501,-.87750374698895,-1.79008099200287,-.768791502738106
3,5,4,1.75,3,-1.95053524619855,.0954359224347981,.123883914448873,-.577071803104958
5,3,3,1.94736842105263,3,.361210230777501,-1.8504434164127,-.833098538776997,-.774110574804065
3,4,6,2.05,3,-1.95053524619855,-.87750374698895,2.03784882090061,-.263396724095627
3,5,3,1.3,3,-1.95053524619855,.0954359224347981,-.833098538776997,-.896065954180248
 ,5,6,2.7,3, ,.0954359224347981,2.03784882090061,1.06664237166771
5,4,3,2.25,3,.361210230777501,-.87750374698895,-.833098538776997,-.449797351662815
5,5,3,1.8,3,.361210230777501,.0954359224347981,-.833098538776997,-.125484128521566
2,4,2,1.85,3,-3.10640798468657,-.87750374698895,-1.79008099200287,-1.92466424122613
5,5,4,2.10526315789474,3,.361210230777501,.0954359224347981,.123883914448873,.193510022553724
3,5,5,2.35,3,-1.95053524619855,.0954359224347981,1.08086636767474,-.258077652029668
5,4,3,2.1,3,.361210230777501,-.87750374698895,-.833098538776997,-.449797351662815
6,4,5,2.85,3,1.51708296926552,-.87750374698895,1.08086636767474,.573481863317106
5,6,4,1.8,3,.361210230777501,1.06837559185855,.123883914448873,.517823245694974
5,6,6,3.35,3,.361210230777501,1.06837559185855,2.03784882090061,1.15581154784555
4,6,4,1.8,3,-.794662507710522,1.06837559185855,.123883914448873,.132532332865632
5,4,2,1.85,3,.361210230777501,-.87750374698895,-1.79008099200287,-.768791502738106
5,6,5,2.78947368421053,3,.361210230777501,1.06837559185855,1.08086636767474,.836817396770264
5,5,3,1.7,3,.361210230777501,.0954359224347981,-.833098538776997,-.125484128521566
5,5,3,2.1,3,.361210230777501,.0954359224347981,-.833098538776997,-.125484128521566
5,7,3,1.55,3,.361210230777501,2.04131526128229,-.833098538776997,.523142317760933
4,3,5,1.4,3,-.794662507710522,-1.8504434164127,1.08086636767474,-.521413185482826
5,6,3,2.4,3,.361210230777501,1.06837559185855,-.833098538776997,.198829094619683
4,5,3,2.68421052631579,3,-.794662507710522,.0954359224347981,-.833098538776997,-.510775041350907
5,4,2,2.65,3,.361210230777501,-.87750374698895,-1.79008099200287,-.768791502738106
5,5,2,1.8,3,.361210230777501,.0954359224347981,-1.79008099200287,-.444478279596856
4,4,5,2.61111111111111,3,-.794662507710522,-.87750374698895,1.08086636767474,-.197099962341576
5,7,4,1.35,3,.361210230777501,2.04131526128229,.123883914448873,.842136468836223
5,6,4,2.45,3,.361210230777501,1.06837559185855,.123883914448873,.517823245694974
5,6,5,2.7,3,.361210230777501,1.06837559185855,1.08086636767474,.836817396770264
4,5,5,1.8,3,-.794662507710522,.0954359224347981,1.08086636767474,.127213260799673
5,4,4,2.05,3,.361210230777501,-.87750374698895,.123883914448873,-.130803200587525
5,4,5,1.9,3,.361210230777501,-.87750374698895,1.08086636767474,.188190950487765
5,4,3,1.8,3,.361210230777501,-.87750374698895,-.833098538776997,-.449797351662815
4,3,4,1.84210526315789,3,-.794662507710522,-1.8504434164127,.123883914448873,-.840407336558116
5,6,3,2.15,3,.361210230777501,1.06837559185855,-.833098538776997,.198829094619683
3,4,4,2.2,3,-1.95053524619855,-.87750374698895,.123883914448873,-.901385026246208
5,6,5,1.75,3,.361210230777501,1.06837559185855,1.08086636767474,.836817396770264
5,5,4,2.3,3,.361210230777501,.0954359224347981,.123883914448873,.193510022553724
5,5,3,1.7,3,.361210230777501,.0954359224347981,-.833098538776997,-.125484128521566
5,4,3,2,3,.361210230777501,-.87750374698895,-.833098538776997,-.449797351662815
4,6,6,1.75,3,-.794662507710522,1.06837559185855,2.03784882090061,.770520635016213
5,5,3,1.95,3,.361210230777501,.0954359224347981,-.833098538776997,-.125484128521566
4,5,4,2.45,3,-.794662507710522,.0954359224347981,.123883914448873,-.191780890275617
4,5,3,2,3,-.794662507710522,.0954359224347981,-.833098538776997,-.510775041350907
3,5,4,2.2,3,-1.95053524619855,.0954359224347981,.123883914448873,-.577071803104958
5,5,3,2.8,3,.361210230777501,.0954359224347981,-.833098538776997,-.125484128521566
5,5,3,1.85,3,.361210230777501,.0954359224347981,-.833098538776997,-.125484128521566
5,3,4,3,3,.361210230777501,-1.8504434164127,.123883914448873,-.455116423728775
5,6,4,1.57894736842105,3,.361210230777501,1.06837559185855,.123883914448873,.517823245694974
5,5,5,2.83333333333333,3,.361210230777501,.0954359224347981,1.08086636767474,.512504173629014
5,4,3,1.75,3,.361210230777501,-.87750374698895,-.833098538776997,-.449797351662815
4,5,3,2.5,3,-.794662507710522,.0954359224347981,-.833098538776997,-.510775041350907
5,5,3,2.55,3,.361210230777501,.0954359224347981,-.833098538776997,-.125484128521566
5,5,4,2.55,3,.361210230777501,.0954359224347981,.123883914448873,.193510022553724
5,4,3,2.57894736842105,3,.361210230777501,-.87750374698895,-.833098538776997,-.449797351662815
5,6,3,2.15789473684211,3,.361210230777501,1.06837559185855,-.833098538776997,.198829094619683
5,5,2,1.9,3,.361210230777501,.0954359224347981,-1.79008099200287,-.444478279596856
5,6,5,2.45,3,.361210230777501,1.06837559185855,1.08086636767474,.836817396770264
5,6,3,2.8,3,.361210230777501,1.06837559185855,-.833098538776997,.198829094619683
3,5,2,1.6,3,-1.95053524619855,.0954359224347981,-1.79008099200287,-1.21506010525554
5,5,4,1.25,3,.361210230777501,.0954359224347981,.123883914448873,.193510022553724
5,6,3,1.2,3,.361210230777501,1.06837559185855,-.833098538776997,.198829094619683
5,6,3,1.15,3,.361210230777501,1.06837559185855,-.833098538776997,.198829094619683
6,4,3,2.5,3,1.51708296926552,-.87750374698895,-.833098538776997,-.0645064388334743
5,6,2,1.8,3,.361210230777501,1.06837559185855,-1.79008099200287,-.120165056455607
5,6,4,2.5,3,.361210230777501,1.06837559185855,.123883914448873,.517823245694974
5,5,2,1.45,3,.361210230777501,.0954359224347981,-1.79008099200287,-.444478279596856
6,5,4,2.1,3,1.51708296926552,.0954359224347981,.123883914448873,.578800935383065
5,4,3,1.25,3,.361210230777501,-.87750374698895,-.833098538776997,-.449797351662815
5,6,3,2.05,3,.361210230777501,1.06837559185855,-.833098538776997,.198829094619683
5,5,3,2.05,3,.361210230777501,.0954359224347981,-.833098538776997,-.125484128521566
5,4,4,2.85,3,.361210230777501,-.87750374698895,.123883914448873,-.130803200587525
5,4,3,1.9,3,.361210230777501,-.87750374698895,-.833098538776997,-.449797351662815
5,6,3,1.55,3,.361210230777501,1.06837559185855,-.833098538776997,.198829094619683
5,6,3,2.4,3,.361210230777501,1.06837559185855,-.833098538776997,.198829094619683
5,4,3,1.95,3,.361210230777501,-.87750374698895,-.833098538776997,-.449797351662815
5,4,4,2.55,3,.361210230777501,-.87750374698895,.123883914448873,-.130803200587525
5,6,3,2.7,3,.361210230777501,1.06837559185855,-.833098538776997,.198829094619683
4,4,4,2,3,-.794662507710522,-.87750374698895,.123883914448873,-.516094113416867
5,5,3,2.65,3,.361210230777501,.0954359224347981,-.833098538776997,-.125484128521566
5,5,4,1.85,3,.361210230777501,.0954359224347981,.123883914448873,.193510022553724
5,5,3,1.45,3,.361210230777501,.0954359224347981,-.833098538776997,-.125484128521566
5,4,3,1.4,3,.361210230777501,-.87750374698895,-.833098538776997,-.449797351662815
5,5,5,2.35,3,.361210230777501,.0954359224347981,1.08086636767474,.512504173629014
5,5,3,2.25,3,.361210230777501,.0954359224347981,-.833098538776997,-.125484128521566
2,4,3,1.45,3,-3.10640798468657,-.87750374698895,-.833098538776997,-1.60567009015084
5,4,3,1.75,3,.361210230777501,-.87750374698895,-.833098538776997,-.449797351662815
5,5,3,2.2,3,.361210230777501,.0954359224347981,-.833098538776997,-.125484128521566
5,3,2,1.3,3,.361210230777501,-1.8504434164127,-1.79008099200287,-1.09310472587935
5,4,3,1.5,3,.361210230777501,-.87750374698895,-.833098538776997,-.449797351662815
5,6,4,2.65,3,.361210230777501,1.06837559185855,.123883914448873,.517823245694974
5,6,6,2.1,3,.361210230777501,1.06837559185855,2.03784882090061,1.15581154784555
6,5,3,1.7,3,1.51708296926552,.0954359224347981,-.833098538776997,.259806784307775
4,6,5,2.75,3,-.794662507710522,1.06837559185855,1.08086636767474,.451526483940923
4,5,4,2.45,3,-.794662507710522,.0954359224347981,.123883914448873,-.191780890275617
4,7,4,1.9,3,-.794662507710522,2.04131526128229,.123883914448873,.456845556006882
5,7,6,1.6,3,.361210230777501,2.04131526128229,2.03784882090061,1.4801247709868
5,4,2,1.65,3,.361210230777501,-.87750374698895,-1.79008099200287,-.768791502738106
5,3,2,2.42105263157895,3,.361210230777501,-1.8504434164127,-1.79008099200287,-1.09310472587935
5,4,3,2.4,3,.361210230777501,-.87750374698895,-.833098538776997,-.449797351662815
5,5,4,2.85,3,.361210230777501,.0954359224347981,.123883914448873,.193510022553724
5,6,4,1.95,3,.361210230777501,1.06837559185855,.123883914448873,.517823245694974
5,7,5,2.6,3,.361210230777501,2.04131526128229,1.08086636767474,1.16113061991151
5,6,5,2.7,3,.361210230777501,1.06837559185855,1.08086636767474,.836817396770264
5,5,4,1.4,3,.361210230777501,.0954359224347981,.123883914448873,.193510022553724
5,4,3,2.2,3,.361210230777501,-.87750374698895,-.833098538776997,-.449797351662815
5,4,4,1.95,3,.361210230777501,-.87750374698895,.123883914448873,-.130803200587525
5,5,3,2.35,3,.361210230777501,.0954359224347981,-.833098538776997,-.125484128521566
6,4,2,2,3,1.51708296926552,-.87750374698895,-1.79008099200287,-.383500589908764
5,7,3,1.6,3,.361210230777501,2.04131526128229,-.833098538776997,.523142317760933
4,7,5,2.1,3,-.794662507710522,2.04131526128229,1.08086636767474,.775839707082172
6,5,4,2.45,3,1.51708296926552,.0954359224347981,.123883914448873,.578800935383065
4,5,2,2.2,3,-.794662507710522,.0954359224347981,-1.79008099200287,-.829769192426197
5,5,5,1.65,3,.361210230777501,.0954359224347981,1.08086636767474,.512504173629014
5,6,2,2.7,3,.361210230777501,1.06837559185855,-1.79008099200287,-.120165056455607
5,3,4,2.95,3,.361210230777501,-1.8504434164127,.123883914448873,-.455116423728775
4,6,4,1.75,3,-.794662507710522,1.06837559185855,.123883914448873,.132532332865632
4,5,5,1.75,3,-.794662507710522,.0954359224347981,1.08086636767474,.127213260799673
5,6,4,1.1,3,.361210230777501,1.06837559185855,.123883914448873,.517823245694974
6,3,1,1.15,3,1.51708296926552,-1.8504434164127,-2.74706344522874,-1.0268079641253
5,5,4,1.1,3,.361210230777501,.0954359224347981,.123883914448873,.193510022553724
5,4,3,2.05,3,.361210230777501,-.87750374698895,-.833098538776997,-.449797351662815
3,3,3,2.65,3,-1.95053524619855,-1.8504434164127,-.833098538776997,-1.54469240046275
5,4,3,2.15,3,.361210230777501,-.87750374698895,-.833098538776997,-.449797351662815
5,3,3,2.15,3,.361210230777501,-1.8504434164127,-.833098538776997,-.774110574804065
4,4,5,2.45,3,-.794662507710522,-.87750374698895,1.08086636767474,-.197099962341576
4,4,4,2.05,3,-.794662507710522,-.87750374698895,.123883914448873,-.516094113416867
5,5,3,2.55,3,.361210230777501,.0954359224347981,-.833098538776997,-.125484128521566
3,4,3,2,3,-1.95053524619855,-.87750374698895,-.833098538776997,-1.2203791773215
5,5,2,1.75,3,.361210230777501,.0954359224347981,-1.79008099200287,-.444478279596856
2,6,3,1.9,3,-3.10640798468657,1.06837559185855,-.833098538776997,-.95704364386834
5,5,5,1.25,3,.361210230777501,.0954359224347981,1.08086636767474,.512504173629014
5,5,4,1.75,3,.361210230777501,.0954359224347981,.123883914448873,.193510022553724
5,4,3,1.85,3,.361210230777501,-.87750374698895,-.833098538776997,-.449797351662815
4,4,3,1.8,3,-.794662507710522,-.87750374698895,-.833098538776997,-.835088264492157
4,5,4,2.6,3,-.794662507710522,.0954359224347981,.123883914448873,-.191780890275617
5,5,2,1.9,3,.361210230777501,.0954359224347981,-1.79008099200287,-.444478279596856
3,6,4,1.7,3,-1.95053524619855,1.06837559185855,.123883914448873,-.252758579963709
5,5,4,2.4,3,.361210230777501,.0954359224347981,.123883914448873,.193510022553724
5,4,5,2.4,3,.361210230777501,-.87750374698895,1.08086636767474,.188190950487765
5,6,4,1.4,3,.361210230777501,1.06837559185855,.123883914448873,.517823245694974
5,5,4,1.5,3,.361210230777501,.0954359224347981,.123883914448873,.193510022553724
2,6,4,2.5,3,-3.10640798468657,1.06837559185855,.123883914448873,-.63804949279305
5,5,3,1.95,3,.361210230777501,.0954359224347981,-.833098538776997,-.125484128521566
5,4,3,2.31578947368421,3,.361210230777501,-.87750374698895,-.833098538776997,-.449797351662815
5,6,3,2.2,3,.361210230777501,1.06837559185855,-.833098538776997,.198829094619683
2,5,3,1.55,3,-3.10640798468657,.0954359224347981,-.833098538776997,-1.28135686700959
5,6,3,2,3,.361210230777501,1.06837559185855,-.833098538776997,.198829094619683
5,5,5,2.05,4,.361210230777501,.0954359224347981,1.08086636767474,.512504173629014
5,6,3,1.75,4,.361210230777501,1.06837559185855,-.833098538776997,.198829094619683
5,4,3,2.05,4,.361210230777501,-.87750374698895,-.833098538776997,-.449797351662815
5,5,3,1.1,4,.361210230777501,.0954359224347981,-.833098538776997,-.125484128521566
6,6,4,2.8,4,1.51708296926552,1.06837559185855,.123883914448873,.903114158524315
4,5,4,2.4,4,-.794662507710522,.0954359224347981,.123883914448873,-.191780890275617
5,6,4,1.45,4,.361210230777501,1.06837559185855,.123883914448873,.517823245694974
5,4,3,2.1,4,.361210230777501,-.87750374698895,-.833098538776997,-.449797351662815
5,6,4,1,4,.361210230777501,1.06837559185855,.123883914448873,.517823245694974
5,6,4,2.55,4,.361210230777501,1.06837559185855,.123883914448873,.517823245694974
4,6,3,2.6,4,-.794662507710522,1.06837559185855,-.833098538776997,-.186461818209658
5,6,3,3.45,4,.361210230777501,1.06837559185855,-.833098538776997,.198829094619683
4,5,6,2.7,4,-.794662507710522,.0954359224347981,2.03784882090061,.446207411874963
5,3,3,1.4,4,.361210230777501,-1.8504434164127,-.833098538776997,-.774110574804065
5,4,4,1.45,4,.361210230777501,-.87750374698895,.123883914448873,-.130803200587525
6,6,4,2.75,4,1.51708296926552,1.06837559185855,.123883914448873,.903114158524315
4,5,4,2.25,4,-.794662507710522,.0954359224347981,.123883914448873,-.191780890275617
3,5,3,1.1,4,-1.95053524619855,.0954359224347981,-.833098538776997,-.896065954180248
4,5,4,1.55,4,-.794662507710522,.0954359224347981,.123883914448873,-.191780890275617
5,4,3,2.3,4,.361210230777501,-.87750374698895,-.833098538776997,-.449797351662815
5,5,3,2.7,4,.361210230777501,.0954359224347981,-.833098538776997,-.125484128521566
5,6,5,1.55,4,.361210230777501,1.06837559185855,1.08086636767474,.836817396770264
5,6,3,2.05,4,.361210230777501,1.06837559185855,-.833098538776997,.198829094619683
3,6,3,1.5,4,-1.95053524619855,1.06837559185855,-.833098538776997,-.571752731038999
5,4,3,2.45,4,.361210230777501,-.87750374698895,-.833098538776997,-.449797351662815
5,4,2,2,4,.361210230777501,-.87750374698895,-1.79008099200287,-.768791502738106
4,5,3,2.05,4,-.794662507710522,.0954359224347981,-.833098538776997,-.510775041350907
4,5,4,1.65,4,-.794662507710522,.0954359224347981,.123883914448873,-.191780890275617
5,4,4,1.85,4,.361210230777501,-.87750374698895,.123883914448873,-.130803200587525
5,6,5,2.2,4,.361210230777501,1.06837559185855,1.08086636767474,.836817396770264
5,5,4,3.1,4,.361210230777501,.0954359224347981,.123883914448873,.193510022553724
5,5,2,2.1,4,.361210230777501,.0954359224347981,-1.79008099200287,-.444478279596856
5,6,4,1.31578947368421,4,.361210230777501,1.06837559185855,.123883914448873,.517823245694974
5,3,3,1.1,4,.361210230777501,-1.8504434164127,-.833098538776997,-.774110574804065
5,5,3,3.4,4,.361210230777501,.0954359224347981,-.833098538776997,-.125484128521566
5,6,3,1,4,.361210230777501,1.06837559185855,-.833098538776997,.198829094619683
5,5,3,1.75,4,.361210230777501,.0954359224347981,-.833098538776997,-.125484128521566
6,4,2,1.3,4,1.51708296926552,-.87750374698895,-1.79008099200287,-.383500589908764
4,5,2,1.66666666666667,4,-.794662507710522,.0954359224347981,-1.79008099200287,-.829769192426197
5,6,2,2,4,.361210230777501,1.06837559185855,-1.79008099200287,-.120165056455607
5,5,4,1.5,4,.361210230777501,.0954359224347981,.123883914448873,.193510022553724
5,6,5,1.2,4,.361210230777501,1.06837559185855,1.08086636767474,.836817396770264
4,3,3,3.95,4,-.794662507710522,-1.8504434164127,-.833098538776997,-1.15940148763341
5,5,3,1.2,4,.361210230777501,.0954359224347981,-.833098538776997,-.125484128521566
5,5,3,1.5,4,.361210230777501,.0954359224347981,-.833098538776997,-.125484128521566
5,6,5,2.45,4,.361210230777501,1.06837559185855,1.08086636767474,.836817396770264
6,4,3,2.9,4,1.51708296926552,-.87750374698895,-.833098538776997,-.0645064388334743
6,5,4,2.15,4,1.51708296926552,.0954359224347981,.123883914448873,.578800935383065
5,6,5,1.85,4,.361210230777501,1.06837559185855,1.08086636767474,.836817396770264
5,6,4,2.84210526315789,4,.361210230777501,1.06837559185855,.123883914448873,.517823245694974
5,6,4,1.45,4,.361210230777501,1.06837559185855,.123883914448873,.517823245694974
5,6,3,1.95,4,.361210230777501,1.06837559185855,-.833098538776997,.198829094619683
6,3,4,3.05,4,1.51708296926552,-1.8504434164127,.123883914448873,-.0698255108994336
5,5,2,1.84210526315789,4,.361210230777501,.0954359224347981,-1.79008099200287,-.444478279596856
6,6,2,1.63157894736842,4,1.51708296926552,1.06837559185855,-1.79008099200287,.265125856373734
3,4,4,2.65,4,-1.95053524619855,-.87750374698895,.123883914448873,-.901385026246208
6,5,2,2.55,4,1.51708296926552,.0954359224347981,-1.79008099200287,-.059187366767515
2,4,4,1.9,4,-3.10640798468657,-.87750374698895,.123883914448873,-1.28667593907555
2,5,5,1.95,4,-3.10640798468657,.0954359224347981,1.08086636767474,-.643368564859009
5,5,3,2.73684210526316,4,.361210230777501,.0954359224347981,-.833098538776997,-.125484128521566
3,4,4,3.15,4,-1.95053524619855,-.87750374698895,.123883914448873,-.901385026246208
3,5,5,2.7,4,-1.95053524619855,.0954359224347981,1.08086636767474,-.258077652029668
5,4,5,1.78947368421053,4,.361210230777501,-.87750374698895,1.08086636767474,.188190950487765
4,5,3,2,4,-.794662507710522,.0954359224347981,-.833098538776997,-.510775041350907
5,6,4,1.55,4,.361210230777501,1.06837559185855,.123883914448873,.517823245694974
4,6,3,1.85,4,-.794662507710522,1.06837559185855,-.833098538776997,-.186461818209658
5,5,4,2.2,4,.361210230777501,.0954359224347981,.123883914448873,.193510022553724
5,5,4,1.4,4,.361210230777501,.0954359224347981,.123883914448873,.193510022553724
5,6,3,1.55,4,.361210230777501,1.06837559185855,-.833098538776997,.198829094619683
5,6,3,1.7,4,.361210230777501,1.06837559185855,-.833098538776997,.198829094619683
5,5,3,1.15,4,.361210230777501,.0954359224347981,-.833098538776997,-.125484128521566
5,5,2,1.25,4,.361210230777501,.0954359224347981,-1.79008099200287,-.444478279596856
5,5,3,2.15,4,.361210230777501,.0954359224347981,-.833098538776997,-.125484128521566
4,4,3,3.3,4,-.794662507710522,-.87750374698895,-.833098538776997,-.835088264492157
5,5,3,1.45,4,.361210230777501,.0954359224347981,-.833098538776997,-.125484128521566
5,5,4,2.5,4,.361210230777501,.0954359224347981,.123883914448873,.193510022553724
5,5,5,1.9,4,.361210230777501,.0954359224347981,1.08086636767474,.512504173629014
4,4,3,2.3,4,-.794662507710522,-.87750374698895,-.833098538776997,-.835088264492157
5,4,4,1.55,4,.361210230777501,-.87750374698895,.123883914448873,-.130803200587525
5,4,3,1.95,4,.361210230777501,-.87750374698895,-.833098538776997,-.449797351662815
5,5,3,3.05,4,.361210230777501,.0954359224347981,-.833098538776997,-.125484128521566
5,5,3,3.35,4,.361210230777501,.0954359224347981,-.833098538776997,-.125484128521566
5,4,3,3.05,4,.361210230777501,-.87750374698895,-.833098538776997,-.449797351662815
5,6,4,3,4,.361210230777501,1.06837559185855,.123883914448873,.517823245694974
5,5,4,1.65,4,.361210230777501,.0954359224347981,.123883914448873,.193510022553724
2,6,4,2.2,4,-3.10640798468657,1.06837559185855,.123883914448873,-.63804949279305
5,4,3,1.05,4,.361210230777501,-.87750374698895,-.833098538776997,-.449797351662815
5,4,2,2.1,4,.361210230777501,-.87750374698895,-1.79008099200287,-.768791502738106
5,6,3,2.65,4,.361210230777501,1.06837559185855,-.833098538776997,.198829094619683
2,6,2,4,4,-3.10640798468657,1.06837559185855,-1.79008099200287,-1.27603779494363
4,5,4,1.3,4,-.794662507710522,.0954359224347981,.123883914448873,-.191780890275617
3,7,5,1.25,4,-1.95053524619855,2.04131526128229,1.08086636767474,.390548794252831
5,5,3,1.75,4,.361210230777501,.0954359224347981,-.833098538776997,-.125484128521566
5,4,3,2.65,4,.361210230777501,-.87750374698895,-.833098538776997,-.449797351662815
5,5,4,1.6,4,.361210230777501,.0954359224347981,.123883914448873,.193510022553724
4,6,5,2.85,4,-.794662507710522,1.06837559185855,1.08086636767474,.451526483940923
5,6,3,1.45,4,.361210230777501,1.06837559185855,-.833098538776997,.198829094619683
5,6,3,2.05,4,.361210230777501,1.06837559185855,-.833098538776997,.198829094619683
5,5,3,2.05,4,.361210230777501,.0954359224347981,-.833098538776997,-.125484128521566
5,4,5,1.88235294117647,4,.361210230777501,-.87750374698895,1.08086636767474,.188190950487765
4,3,4,2.05,4,-.794662507710522,-1.8504434164127,.123883914448873,-.840407336558116
6,5,3,1.5,4,1.51708296926552,.0954359224347981,-.833098538776997,.259806784307775
5,6,4,2.1,4,.361210230777501,1.06837559185855,.123883914448873,.517823245694974
4,5,3,2.55,4,-.794662507710522,.0954359224347981,-.833098538776997,-.510775041350907
4,7, ,1.95,4,-.794662507710522,2.04131526128229, ,.623326376785886
5,4,3,1.8,4,.361210230777501,-.87750374698895,-.833098538776997,-.449797351662815
5,4,4,1.4,4,.361210230777501,-.87750374698895,.123883914448873,-.130803200587525
5,6,3,2.1,4,.361210230777501,1.06837559185855,-.833098538776997,.198829094619683
6,6,6,1.6,4,1.51708296926552,1.06837559185855,2.03784882090061,1.54110246067489
5,4,3,1.7,4,.361210230777501,-.87750374698895,-.833098538776997,-.449797351662815
3,4,3,2.1,4,-1.95053524619855,-.87750374698895,-.833098538776997,-1.2203791773215
6,4,3,1.35,4,1.51708296926552,-.87750374698895,-.833098538776997,-.0645064388334743
5,4,3,1.7,4,.361210230777501,-.87750374698895,-.833098538776997,-.449797351662815
5,5,4,2.85,4,.361210230777501,.0954359224347981,.123883914448873,.193510022553724
5,5,3,2.15,4,.361210230777501,.0954359224347981,-.833098538776997,-.125484128521566
4,6,5,1.75,4,-.794662507710522,1.06837559185855,1.08086636767474,.451526483940923
5,4,4,1.3,4,.361210230777501,-.87750374698895,.123883914448873,-.130803200587525
3,6,4,3.05,4,-1.95053524619855,1.06837559185855,.123883914448873,-.252758579963709
6,6,4,1.4,4,1.51708296926552,1.06837559185855,.123883914448873,.903114158524315
5,6,2,3.05,4,.361210230777501,1.06837559185855,-1.79008099200287,-.120165056455607
5,5,4,2.6,4,.361210230777501,.0954359224347981,.123883914448873,.193510022553724
3,4,3,2.45,4,-1.95053524619855,-.87750374698895,-.833098538776997,-1.2203791773215
5,6,3,1.65,4,.361210230777501,1.06837559185855,-.833098538776997,.198829094619683
4,4,5,1.75,4,-.794662507710522,-.87750374698895,1.08086636767474,-.197099962341576
5,5,5,1.4,4,.361210230777501,.0954359224347981,1.08086636767474,.512504173629014
4,6,6,2.75,4,-.794662507710522,1.06837559185855,2.03784882090061,.770520635016213
5,3,2,1.7,4,.361210230777501,-1.8504434164127,-1.79008099200287,-1.09310472587935
1,4,4,2.6,4,-4.26228072317459,-.87750374698895,.123883914448873,-1.67196685190489
5,4,3,2.15,4,.361210230777501,-.87750374698895,-.833098538776997,-.449797351662815
4,3,5,1.95,4,-.794662507710522,-1.8504434164127,1.08086636767474,-.521413185482826
4,5,3,2.65,4,-.794662507710522,.0954359224347981,-.833098538776997,-.510775041350907
5,2,5,2.2,4,.361210230777501,-2.82338308583645,1.08086636767474,-.460435495794734
4,5,2,1.55,4,-.794662507710522,.0954359224347981,-1.79008099200287,-.829769192426197
5,4,3,1.7,4,.361210230777501,-.87750374698895,-.833098538776997,-.449797351662815
5,4,2,2.15,4,.361210230777501,-.87750374698895,-1.79008099200287,-.768791502738106
1,1,3,4,4,-4.26228072317459,-3.7963227552602,-.833098538776997,-2.96390067240393
6,4,3,1.8,4,1.51708296926552,-.87750374698895,-.833098538776997,-.0645064388334743
5,4,2,1.05,4,.361210230777501,-.87750374698895,-1.79008099200287,-.768791502738106
5,3,4,1.95,4,.361210230777501,-1.8504434164127,.123883914448873,-.455116423728775
5,5,2,1.47368421052632,4,.361210230777501,.0954359224347981,-1.79008099200287,-.444478279596856
5,5,3,1.7,4,.361210230777501,.0954359224347981,-.833098538776997,-.125484128521566
5,5,5,2.66666666666667,4,.361210230777501,.0954359224347981,1.08086636767474,.512504173629014
5,5,2,2.55,4,.361210230777501,.0954359224347981,-1.79008099200287,-.444478279596856
5,5,4,2.35,4,.361210230777501,.0954359224347981,.123883914448873,.193510022553724
3,6,4,1.9,4,-1.95053524619855,1.06837559185855,.123883914448873,-.252758579963709
4,6,2,2.3,4,-.794662507710522,1.06837559185855,-1.79008099200287,-.505455969284948
5,5,3,1.85,4,.361210230777501,.0954359224347981,-.833098538776997,-.125484128521566
4,5,4,2.6,4,-.794662507710522,.0954359224347981,.123883914448873,-.191780890275617
5,4,3,1.8,4,.361210230777501,-.87750374698895,-.833098538776997,-.449797351662815
5,4,2,1.75,4,.361210230777501,-.87750374698895,-1.79008099200287,-.768791502738106
5,2,2,2.05,4,.361210230777501,-2.82338308583645,-1.79008099200287,-1.4174179490206
5,6,3,1.15789473684211,4,.361210230777501,1.06837559185855,-.833098538776997,.198829094619683
4,4,3,2.45,4,-.794662507710522,-.87750374698895,-.833098538776997,-.835088264492157
3,5,5,1.6,4,-1.95053524619855,.0954359224347981,1.08086636767474,-.258077652029668
5,5,3,1.63157894736842,4,.361210230777501,.0954359224347981,-.833098538776997,-.125484128521566
5,4,3,2.5,4,.361210230777501,-.87750374698895,-.833098538776997,-.449797351662815
5,5,4,2.45,4,.361210230777501,.0954359224347981,.123883914448873,.193510022553724
3,6,4,2.75,4,-1.95053524619855,1.06837559185855,.123883914448873,-.252758579963709
3,6,3,2.65,4,-1.95053524619855,1.06837559185855,-.833098538776997,-.571752731038999
4,6,5,2.5,4,-.794662507710522,1.06837559185855,1.08086636767474,.451526483940923
5,5,3,1.55,4,.361210230777501,.0954359224347981,-.833098538776997,-.125484128521566
5,5,2,1.55,4,.361210230777501,.0954359224347981,-1.79008099200287,-.444478279596856
4,3,3,2.55,4,-.794662507710522,-1.8504434164127,-.833098538776997,-1.15940148763341
5,5,3,1.8,4,.361210230777501,.0954359224347981,-.833098538776997,-.125484128521566
3,6,6,1.9,4,-1.95053524619855,1.06837559185855,2.03784882090061,.385229722186871
3,5,3,1.95,4,-1.95053524619855,.0954359224347981,-.833098538776997,-.896065954180248
4,6,4,2.15,4,-.794662507710522,1.06837559185855,.123883914448873,.132532332865632
5,3,4,1.52631578947368,4,.361210230777501,-1.8504434164127,.123883914448873,-.455116423728775
5,5,4,2.3,4,.361210230777501,.0954359224347981,.123883914448873,.193510022553724
4,5,4,1.5,4,-.794662507710522,.0954359224347981,.123883914448873,-.191780890275617
5,6,4,1.65,4,.361210230777501,1.06837559185855,.123883914448873,.517823245694974
5,6,3,2.95,4,.361210230777501,1.06837559185855,-.833098538776997,.198829094619683
4,4,3,1.05,4,-.794662507710522,-.87750374698895,-.833098538776997,-.835088264492157
5,4,3,1.35,4,.361210230777501,-.87750374698895,-.833098538776997,-.449797351662815
5,5,4,1.55,4,.361210230777501,.0954359224347981,.123883914448873,.193510022553724
5,4,3,2.35,4,.361210230777501,-.87750374698895,-.833098538776997,-.449797351662815
6,6,4,3.15789473684211,4,1.51708296926552,1.06837559185855,.123883914448873,.903114158524315
4,5,3,1.95,4,-.794662507710522,.0954359224347981,-.833098538776997,-.510775041350907
5,5,3,2,4,.361210230777501,.0954359224347981,-.833098538776997,-.125484128521566
4,6,5,1.57894736842105,4,-.794662507710522,1.06837559185855,1.08086636767474,.451526483940923
6,5,4,1.84210526315789,4,1.51708296926552,.0954359224347981,.123883914448873,.578800935383065
5,4,3,1.55,4,.361210230777501,-.87750374698895,-.833098538776997,-.449797351662815
4,4,3,1.95,4,-.794662507710522,-.87750374698895,-.833098538776997,-.835088264492157
5,5,3,2.95,4,.361210230777501,.0954359224347981,-.833098538776997,-.125484128521566
5,5,5,1.1,4,.361210230777501,.0954359224347981,1.08086636767474,.512504173629014
5,5,6,2,4,.361210230777501,.0954359224347981,2.03784882090061,.831498324704304
5,5,5,2.35,4,.361210230777501,.0954359224347981,1.08086636767474,.512504173629014
5,6,5,1.3,4,.361210230777501,1.06837559185855,1.08086636767474,.836817396770264
5,5,4,2.2,4,.361210230777501,.0954359224347981,.123883914448873,.193510022553724
5,4,3,1.8,4,.361210230777501,-.87750374698895,-.833098538776997,-.449797351662815
5,5,3,1.7,4,.361210230777501,.0954359224347981,-.833098538776997,-.125484128521566
6,6,4,1.4,4,1.51708296926552,1.06837559185855,.123883914448873,.903114158524315
5,5,2,2.75,4,.361210230777501,.0954359224347981,-1.79008099200287,-.444478279596856
4,5,4,2.8,4,-.794662507710522,.0954359224347981,.123883914448873,-.191780890275617
4,4,3,2.2,4,-.794662507710522,-.87750374698895,-.833098538776997,-.835088264492157
5,6,4,2.3,4,.361210230777501,1.06837559185855,.123883914448873,.517823245694974
4,4,3,1.2,4,-.794662507710522,-.87750374698895,-.833098538776997,-.835088264492157
4,4,4,2.6,4,-.794662507710522,-.87750374698895,.123883914448873,-.516094113416867
4,6,5,2.75,4,-.794662507710522,1.06837559185855,1.08086636767474,.451526483940923
5,5,4,1.63157894736842,4,.361210230777501,.0954359224347981,.123883914448873,.193510022553724
5,6,5,2.4,4,.361210230777501,1.06837559185855,1.08086636767474,.836817396770264
5,4,4,1.25,4,.361210230777501,-.87750374698895,.123883914448873,-.130803200587525
5,6,6,1.75,4,.361210230777501,1.06837559185855,2.03784882090061,1.15581154784555
6,5,4,2,4,1.51708296926552,.0954359224347981,.123883914448873,.578800935383065
5,4,3,2.3,4,.361210230777501,-.87750374698895,-.833098538776997,-.449797351662815
5,6,6,2.05,4,.361210230777501,1.06837559185855,2.03784882090061,1.15581154784555
5,5,3,3.15789473684211,4,.361210230777501,.0954359224347981,-.833098538776997,-.125484128521566
4,6,5,2.05,4,-.794662507710522,1.06837559185855,1.08086636767474,.451526483940923
5,5,4,1.7,4,.361210230777501,.0954359224347981,.123883914448873,.193510022553724
3,6,5,2.05,4,-1.95053524619855,1.06837559185855,1.08086636767474,.0662355711115814
6,6,3,2.1,4,1.51708296926552,1.06837559185855,-.833098538776997,.584120007449025
5,5,5,2.25,4,.361210230777501,.0954359224347981,1.08086636767474,.512504173629014
5,5,3,1.47368421052632,4,.361210230777501,.0954359224347981,-.833098538776997,-.125484128521566
4,6,6,2.35,4,-.794662507710522,1.06837559185855,2.03784882090061,.770520635016213
5,2,2,1.75,4,.361210230777501,-2.82338308583645,-1.79008099200287,-1.4174179490206
5,6,3,2.75,4,.361210230777501,1.06837559185855,-.833098538776997,.198829094619683
5,4,3,1.55,4,.361210230777501,-.87750374698895,-.833098538776997,-.449797351662815
5,5,5,1.7,4,.361210230777501,.0954359224347981,1.08086636767474,.512504173629014
5,4,4,1.3,4,.361210230777501,-.87750374698895,.123883914448873,-.130803200587525
5,4,3,1.5,4,.361210230777501,-.87750374698895,-.833098538776997,-.449797351662815
4,5,5,2.4,4,-.794662507710522,.0954359224347981,1.08086636767474,.127213260799673
6,6,5,2.9,4,1.51708296926552,1.06837559185855,1.08086636767474,1.2221083095996
5,5,5,1.8,4,.361210230777501,.0954359224347981,1.08086636767474,.512504173629014
5,6,4,2.2,4,.361210230777501,1.06837559185855,.123883914448873,.517823245694974
5,6,4,3.05,4,.361210230777501,1.06837559185855,.123883914448873,.517823245694974
5,5,4,2.5,4,.361210230777501,.0954359224347981,.123883914448873,.193510022553724
5,5,4,2.2,4,.361210230777501,.0954359224347981,.123883914448873,.193510022553724
5,5,5,2.35,4,.361210230777501,.0954359224347981,1.08086636767474,.512504173629014
